Workbook
Name Additional_Instance: 'Static Reference Tables'!$H$11:$H$13
Name administrator_vsphere_local_password: 'Value Reference Tables'!$L$13
Name asn_instance: 'Value Reference Tables - MR'!$AH$18
Name asn_mgmt_az1: 'Value Reference Tables - MR'!$AH$19
Name asn_mgmt_az2: 'Value Reference Tables - MR'!$AH$20
Name asn_start: 'Value Reference Tables - MR'!$AH$17
Name asn_wld_az1: 'Value Reference Tables - MR'!$AH$21
Name asn_wld_az2: 'Value Reference Tables - MR'!$AH$22
Name aws_regions: 'Static Reference Tables'!$B$576:$B$603
Name ca_administrator_password: 'Value Reference Tables'!$L$30
Name ca_administrator_username: 'Value Reference Tables'!$L$8
Name ca_algorithm: 'Value Reference Tables'!$O$39
Name ca_country: 'Value Reference Tables'!$O$38
Name ca_email_address: 'Value Reference Tables'!$O$41
Name ca_key_size: 'Value Reference Tables'!$O$40
Name ca_locality: 'Value Reference Tables'!$O$42
Name ca_organization: 'Value Reference Tables'!$O$43
Name ca_organization_unit: 'Value Reference Tables'!$O$44
Name ca_state: 'Value Reference Tables'!$O$45
Name ca_template_name: 'Value Reference Tables'!$O$37
Name calculated_mgmt_host_count: 'Management Domain Sizing'!$R$8
Name certificate_authority_fqdn: 'Value Reference Tables'!$L$57
Name certificate_authority_model: 'Value Reference Tables'!$O$9
Name certificate_authority_name: 'Value Reference Tables'!$L$58
Name change_control_new: 'Change Control'!$B$2:$B$100
Name change_control_old: 'Change Control'!$C$2:$C$100
Name child_dns_zone: 'Value Reference Tables'!$L$66
Name cluster_az1_host_fqdns: 'Value Reference Tables'!$I$75:$I$90
Name cluster_az1_host_mgmt_ips: 'Value Reference Tables'!$I$57:$I$72
Name cluster_az1_host_overlay_cidr: 'Value Reference Tables'!$I$162
Name cluster_az1_host_overlay_gateway_ip: 'Value Reference Tables'!$I$165
Name cluster_az1_host_overlay_network_pool_description: 'Value Reference Tables'!$I$161
Name cluster_az1_host_overlay_network_pool_name: 'Value Reference Tables'!$I$160
Name cluster_az1_host_overlay_network_profile_name: 'Value Reference Tables'!$I$110
Name cluster_az1_host_overlay_new_pool_chosen: 'Deploy Cluster'!$D$247
Name cluster_az1_host_overlay_pool_end_ip: 'Value Reference Tables'!$I$164
Name cluster_az1_host_overlay_pool_start_ip: 'Value Reference Tables'!$I$163
Name cluster_az1_host_overlay_transport_zone: 'Value Reference Tables'!$I$156
Name cluster_az1_host_overlay_uplink_profile_name: 'Value Reference Tables'!$I$170
Name cluster_az1_host_overlay_vlan: 'Value Reference Tables'!$I$157
Name cluster_az1_host1_fqdn: 'Value Reference Tables'!$I$75
Name cluster_az1_host1_mgmt_ip: 'Value Reference Tables'!$I$57
Name cluster_az1_host10_fqdn: 'Value Reference Tables'!$I$84
Name cluster_az1_host10_mgmt_ip: 'Value Reference Tables'!$I$66
Name cluster_az1_host11_fqdn: 'Value Reference Tables'!$I$85
Name cluster_az1_host11_mgmt_ip: 'Value Reference Tables'!$I$67
Name cluster_az1_host12_fqdn: 'Value Reference Tables'!$I$86
Name cluster_az1_host12_mgmt_ip: 'Value Reference Tables'!$I$68
Name cluster_az1_host13_fqdn: 'Value Reference Tables'!$I$87
Name cluster_az1_host13_mgmt_ip: 'Value Reference Tables'!$I$69
Name cluster_az1_host14_fqdn: 'Value Reference Tables'!$I$88
Name cluster_az1_host14_mgmt_ip: 'Value Reference Tables'!$I$70
Name cluster_az1_host15_fqdn: 'Value Reference Tables'!$I$89
Name cluster_az1_host15_mgmt_ip: 'Value Reference Tables'!$I$71
Name cluster_az1_host16_fqdn: 'Value Reference Tables'!$I$90
Name cluster_az1_host16_mgmt_ip: 'Value Reference Tables'!$I$72
Name cluster_az1_host2_fqdn: 'Value Reference Tables'!$I$76
Name cluster_az1_host2_mgmt_ip: 'Value Reference Tables'!$I$58
Name cluster_az1_host3_fqdn: 'Value Reference Tables'!$I$77
Name cluster_az1_host3_mgmt_ip: 'Value Reference Tables'!$I$59

Sheet Prerequisite Checklist
B2: Prerequisite Checklist
B3: The following pre-requisites need to be completed before proceeding with deployments
B6: Hardware (Management Domain)
B7: Server Component | C7: Minimum Requirements | D7: Notes
B8: Server Type | C8: Two Supported Servers - Simple Deployment ( NFS / FC) Three Supported Servers - Simple Deployment ( vSAN) Four Supported Servers - High Availability Deployment | D8: Refer to the VMware Compatibility Guide at https://compatibilityguide.broadcom.com/ for supported configurations. Note that VMware Cloud Foundation supports three node vSAN clusters in Workload Domains. VMware recommends a minimum of four nodes for production.
B9: CPU | C9: Supported Configurations | D9: None
B10: Memory | C10: Supported Configurations | D10: Rainpole example suggests - 1TB per host based on 4 hosts with ability to tolerate failure of a single host. Use Management Domain Sizing for sizing based on your chosen options.
B11: Storage (Boot) | C11: Supported configurations | D11: SD-Cards are considered legacy and not recommended.
B12: Storage VSAN-OSA (Cache) | C12: Supported Configurations | D12: Rainpole example suggests - 1.2TB of Raw Capacity for the Caching Tier (All-Flash) per host. - Two disk groups, 600GB cache per disk group. Ensure no existing partitions exist on disks intended for use See Designing and Sizing a vSAN Cluster from the VMware vSAN documentation for guidelines about cache sizing. Use Management Domain Sizing for sizing based on your chosen options.
B13: Storage vSAN-OSA (Capacity) | C13: Supported Configurations | D13: Rainpole example suggests - 12.5TB of Raw Capacity for the Capacity Tier (All-Flash) per host. - Two disk groups, 6.25TB per disk group Ensure no existing partitions exist on disks intended for use Use Management Domain Sizing for sizing based on your chosen options.
B14: Storage vSAN-ESA | C14: Supported Configurations | D14: Rainpole example suggests - 12.5TB of Raw Capacity for the Capacity Tier (All-Flash) per host. - 4 x 3.2TB NVME SSD Drives per node. Ensure no existing partitions exist on disks intended for use Use Management Domain Sizing for sizing based on your chosen options.
B15: Storage NFS | C15: Supported Configurations | D15: Use Management Domain Sizing for sizing based on your chosen options.
B16: Storage FC | C16: Supported Configurations | D16: Use Management Domain Sizing for sizing based on your chosen options.
B17: NICs per server | C17: - One 10 GbE NICs - One 1 GbE BMC NIC | D17: Single NIC is supported with API Only 25GbE NICs are recommended for vSAN ESA
B19: Hardware (Workload Domain)
B20: Server Component | C20: Minimum Requirements | D20: Notes
B21: Type | C21: Three Supported Servers | D21: Refer to the VMware Compatibility Guide at https://www.vmware.com/resources/compatibility/search.php for supported configurations. Note that VMware Cloud Foundation supports three node vSAN clusters in Workload Domains. VMware recommends a minimum of four nodes for production. Ensure no existing partitions exist on disks intended for use
B22: CPU | C22: Supported configurations
B23: Memory | C23: Supported configurations
B24: Storage (Boot) | C24: Supported configurations
B25: Storage vSAN-OSA (Cache) | C25: Supported configurations
B26: Storage vSAN-OSA(Capacity) | C26: Supported configurations
B27: Storage vSAN-ESA | C27: Supported configurations
B28: Storage NFS | C28: Supported configurations
B29: Storage FC | C29: Supported configurations
B30: NICs per server | C30: - One 10 GbE NICs - One 1 GbE BMC NIC | D30: Single NIC is supported with API Only VI Workload Domain: Supports a maximum of 64 x pNICs per host 25GbE NICs are recommended for vSAN ESA
B32: Network Requirements
B33: Configuration | C33: Feature | D33: Notes
B34: Physical Network | C34: Jumbo frames | D34: Required for the following traffic types: - vSAN - vSphere vMotion - ESX Host Overlay - NSX Edge Overlay - NFS
C35: BGP adjacency and BGP autonomous system (AS) numbers | D35: Required for Dynamic routing in the SDDC
C36: Teaming Configurations | D36: Use teaming options within vSphere Distributed Switch to provide load-balancing and failover.
C37: Multi-path routing | D37: Verfiy that Equal-cost multi-path routing (ECMP) is supported on interfaces between NSX Edge uplinks and Top-of Rack Switchs (ToRs)
C38: Stretched Network Requirements (Multiple Availability Zone Environments Only) | D38: Verify that routing is in place between ESXI Management IP subnets of Availability Zone 1 (AZ1) and Availability Zone 2 (AZ2). Verify that the following networks from AZ1 are are stretched across the two availability zones. - VM Management network - Uplink01 (If NSX Centralized Connectivity is enabled for Management Domain, or Centralized Connectivity is enabled for Workload Domain) - Uplink02 (If NSX Centralized Connectivity is enabled for Management Domain, or Centralized Connectivity is enabled for Workload Domain) - Edge Overlay (If NSX Centralized Connectivity is enabled for Management Domain, or Centralized Connectivity is enabled for Workload Domain)
B40: VMware Software, Scripts, and Tools
B41: Software | C41: Download Location | D41: Download | E41: Notes
B42: VMware Cloud Foundation Installer | C42: support.broadcom.com | D42: VCF-SDDC-Manager-Appliance-9.1.x.0.xxxxxxxx
B43: vSAN Witness Appliance | C43: support.broadcom.com | D43: VMware-VirtualSAN-Witness-x.x.x-xxxxxxxx.ova | E43: You use this when deploying a witness appliance to a different fault domain when adding secondary availability zones.
B45: Third Party Software
B46: Software | C46: Vendor | D46: Product / Version | E46: Notes
B47: Virtual Infrastructure | C47: Any Supported | D47: Operating system for VMware vSphere® deployment. | E47: A host machine in the data center that has access to the ESX management and VM Management Network.
B49: Active Directory
B50: Active Directory Element | C50: Domain Instance | D50: Rainpole | E50: Notes
B51: Active Directory Forest Configuration | C51: Parent Active Directory | D51: rainpole.io | E51: Contains Domain Name System (DNS) server, time server, SDDC users, local and global groups. Contains DNS records that replicate to all DNS servers in the forest.
B52: Active Directory Connectivity | E52: All Active Directory domain controllers must be accessible by all management components within the SDDC.
B53: Active Directory Version | E53: Windows Server 2019 and Windows Server 2022 are supported.
B55: DHCP
B56: Configuration | C56: Notes
B57: DHCP Server (Optional) | C57: The subnet and associated VLAN that provides IPv4 transport for the ESXi Host Overlay VMkernel ports can be configured for IPv4 address auto-assignment by using DHCP. You will need 1 IP address per NIC, per host available in the DHCP scope e.g a 4 node cluster with 2 NICs per node would require a minimum of 8 IP addresses in the DHCP scope.
B59: DNS
B60: Configuration | C60: Domain Instance | D60: Entries | E60: Notes
B61: DNS host entries | C61: Parent Instance | D61: Contains DNS Entries for Parent Domain | E61: DNS Entries resides in the parent domain.
C62: Child Instances | D62: Contain DNS Entries for Respective Child Domains | E62: Configure both DNS servers with the following settings - Create PTR and A Records for all FQDNS listed in the Management Domain Creation, Workload Domain Creation and Cluster Creation Tabs - FQDNS and IP Address must be unique - Dynamic updates for the domain set to Nonsecure and secure. - Zone replication scope for the domain set to All DNS server in this forest.
B63: DNS Configuration | C63: All Instances | E63: Configure a DNS Canonical Name (CNAME) record that maps the two time sources to one DNS name.
B65: NTP
B66: Configuration | C66: Target | D66: Notes
B67: NTP Sources | D67: An NTP source must be available and accessible from all nodes of the SDDC. Use the ToR switches in the Management Workload Domain as the NTP servers or the upstream physical router. These switches must synchronize with different upstream NTP servers and provide time synchronization capabilities in the SDDC. As a best practice, make the NTP servers available under a friendly FQDN, e.g. ntp.sfo.rainpole.io.
B68: NTP Configuration | C68: ESX hosts AD domain controllers Virtual appliances of the management applications | D68: Configure two time sources per instance that are external to the SDDC. These sources can be physical radio or GPS time servers, or even NTP servers running on physical routers or servers. You may share the same time sources across instances if they are part of the same fault domain / location. Different time sources should be used if the instances are in different fault domains / locations. Within DNS, ensure that you have two identical hostnames referencing the individual IP addresses of your time sources, and one CNAME that references the identical hostname. This provides round robin high availability via a single FQDN which is important when setting NTP on Cross-Instance components. Also consider placing the individual NTP servers on different networks to further improve high availability e.g. A Records ntpserver.sfo.rainpole.io -> 172.16.10.251 ntpserver.sfo.rainpole.io -> 172.16.30.251 CNAME ntp.sfo.rainpole.io -> ntpserver.sfo.rainpole.io If desired have two additional A Records for direct management of the NTP servers via FQDN e.g A Records ntp0.sfo.rainpole.io -> 172.16.10.251 ntp1.sfo.rainpole.io -> 172.16.30.251 Ensure that the external time servers are synchronized to different time sources to ensure desirable NTP dispersion. Ensure that NTP is configured properly in your Microsoft Active Directory Domain. See https://blogs.technet.microsoft.com/nepapfe/2013/03/01/its-simple-time-configuration-in-active-directory/ and https://blogs.technet.microsoft.com/nepapfe/2013/03/01/its-simple-time-configuration-in-active-directory/
B70: SMTP Mail Relay
B71: Configuration | C71: Notes
B72: SMTP mail relay | C72: A mail relay instance, must be reachable from each SDDC component. As a best practice, limit the relay function to the management IP range(s) of the SDDC deployment.
B74: Certificate Authority
B75: Configuration | C75: Notes
B76: Certificate Authority | C76: CA must be able to ingest a Certificate Signing Request (CSR) from the SDDC components and issue a signed certificate. Microsoft CAs must support basic authentication. | E76: CA must be able to ingest a Certificate Signing Request (CSR) from the SDDC components and issue a signed certificate. For this validated design, use the Microsoft Windows Enterprise CA that is available in the Windows Server 2016 operating system of a root domain controller. The domain controller must be configured with the Certificate Authority Service and the Certificate Authority Web Enrollment roles.
B78: SFTP Server
B79: Configuration | C79: Notes
B80: SFTP Server | C80: An SFTP server must be used to provide backups for VMware NSX Data Center instances and SDDC Manager which is configured through SDDC Manager.
B82: Host Machine Access
B83: Configuration | C83: Notes
B84: Host Machine Access | C84: A virtual machine or physical server must be available to that is permitted to route to - ESXi Management network - VM Management network - VCF Management network - Internet for software downloads

Sheet VCF & VVF Planning
B2: VMware Cloud Foundation and VMware vSphere Foundation Planning
B3: Use this page to select your options for a VMware Cloud Foundation Deployment | M3: =pnp_version_number -> v1.9.1.102
B6: VMware Values
B7: At VMware we value inclusion. To foster this principle within our customer, partner, and internal community, we are replacing some of the terminology in our content. We have updated this document to remove instances of non-inclusive language.
J9: Version
J10: VMware Cloud Foundation
J11: =IF(vcf_version_chosen="No Version Selected","Select Version",vcf_version_chosen) -> 9.1.1.0
J14: Deployment Type
J15: Select Option | K15: Feature | L15: Final Result | M15: Information
J16: 9.1.1.0 | K16: =CONCATENATE(mgmt_domain_deployment_type_chosen," Deployment Version") -> VMware Cloud Foundation Deployment Version | L16: =IF(vcf_version_chosen="No Version Selected","Excluded","Included") -> Included | M16: =IF(vcf_version_result="Excluded",CONCATENATE("Cause: ",mgmt_domain_deployment_type_chosen, " Deployment Version is not selected"),CONCATENATE(mgmt_domain_deployment_type_chosen," Version ",vcf_version," selected")) -> VMware Cloud Foundation Version 9.1.1.0 selected
J17: VMware Cloud Foundation | K17: Deployment Specification | L17: =IF(vcf_version_chosen="No Version Selected","Excluded","Included") -> Included | M17: =IF(vcf_version_result="Excluded",CONCATENATE("Cause: ",mgmt_domain_deployment_type_chosen, " Deployment Version is not selected"),IF(mgmt_domain_deployment_type_chosen="VMware Cloud Foundation","VMware Cloud Foundation Private Cloud will be deployed","VMware vSphere Foundation will be deployed")) -> VMware Cloud Foundation Private Cloud will be deployed
J18: First Instance | K18: Instance to perform operation on | L18: =IF(vcf_version_chosen="No Version Selected","Excluded",IF(mgmt_domain_deployment_type_chosen="VMware vSphere Foundation","Excluded",IF(mgmt_domain_chosen="Deploy a new VCF fleet","Included","Included"))) -> Included | M18: =IF(vcf_version_result="Excluded",CONCATENATE("Cause: ",mgmt_domain_deployment_type_chosen, " Deployment Version is not selected"),IF(mgmt_domain_deployment_type_chosen="VMware vSphere Foundation","Option not required for deployment specification type",IF(mgmt_domain_chosen="First Instance","Operation will be performed on the First VCF Instance","Operation will be performed on an additional VCF Instance"))) -> Operation will be performed on the First VCF Instance
J19: Deploy a new VCF fleet | K19: Operation to be performed | L19: =IF(vcf_version_chosen="No Version Selected","Excluded", IF(AND(mgmt_domain_deployment_type_chosen="VMware vSphere Foundation",vcf_granular_option_chosen="Create Workload Domain"),"Excluded", IF(AND(mgmt_domain_deployment_type_chosen="VMware vSphere Foundation",vcf_granular_option_chosen="Create Cluster"),"Excluded", IF(AND(mgmt_domain_deployment_type_chosen="VMware Cloud Foundation",vcf_granular_option_chosen="VMware vSphere Foundation Deployment"),"Excluded", IF(vcf_granular_option_chosen="None Chosen","Excluded","Included"))))) -> Included | M19: =IF(vcf_version_result="Excluded",CONCATENATE("Cause: ",mgmt_domain_deployment_type_chosen," Deployment Version is not selected"), IF(AND(mgmt_domain_deployment_type_chosen="VMware vSphere Foundation",vcf_granular_option_chosen="Create Workload Domain"),"Option not supported for deployment specification type", IF(AND(mgmt_domain_deployment_type_chosen="VMware vSphere Foundation",vcf_granular_option_chosen="Create Cluster"),"Option not supported for deployment specification type", IF(AND(mgmt_domain_deployment_type_chosen="VMware Cloud Foundation",vcf_granular_option_chosen="VMware vSphere Foundation Deployment"),"Option not supported for deployment specification type", IF(vcf_granular_option_chosen="None Chosen","No Deployment Type Chosen",IF(vcf_granular_option_chosen="Deploy a new VCF fleet","VMware Cloud Foundation Installer will deploy a new VCF fleet", IF(vcf_granular_option_chosen="Deploy a VCF Instance in an existing VCF fleet","VMware Cloud Foundation Installer will deploy a new VCF Instance in an existing VCF fleet", IF(vcf_granular_option_chosen="Create Cluster","A cluster will be added to an existing Workload Domain", IF(vcf_granular_option_chosen="Create Workload Domain","A Workload Domain will be added to an exsiting VCF Instance", IF(vcf_granular_option_chosen="VMware vSphere Foundation Deployment","Deploy a new VMware vSphere Foundation Cluster", IF(vcf_granular_option_chosen="Deploy deferred components","Deploy the management components that you deffered during the inital deployment",""))))))))))) -> VMware Cloud Foundation Installer will deploy a new VCF fleet

Sheet Management Domain Sizing
B2: VMware Cloud Foundation Management Domain Sizing Inputs
B6: Management Domain Assumptions | G6: Management Domain Virtual Machine Requirement Summary | O6: Host Requirement Summary | U6: Notes
B7: Component | E7: Value | G7: Component | J7: Nodes | K7: vCPU | L7: RAM (GB) | M7: Disk (GB) | O7: Management Hosts | R7: Number of Hosts | U7: General Guidance • This sizing sheet is a standalone calculation. Inputs from other tabs within the workbook do not affect the final calculation. • Deployment Model and Size sets the predefined values as determined by VCF Installer. • Configure the Assumptions and Host parameters according to your preference. • The over-subscription ratio of 2:1 are designed to ensure a performant management domain for most deployments. Higher Ratios are supported. Regardless of the ratios you choose, you should monitor the platform continuously and add hardware if consistent performance bottlenecks are observed • Appliance sizes are listed per appliance. Totals are calculated in the requirements summary table • Select the principle storage as VCF 9.x Supports vSAN and Non-vSAN Storage in the Management Domain Customer Workload • Add additonal vCPU, RAM or Disk requirements that may be required to accurately size the Management Domain. vSphere and NSX Sizing • As each workload domain requires additional vSphere and, optionally, NSX components to be deployed, this tab allows you to correctly calculate the requirements for your management domain by selecting the intended number and profile of workload domains you plan to deploy. • The management domain is mandatory and cannot be deselected. Its NSX Manager instance is required and can be shared with future workload domains. • A maximum of four NSX Local Manager instances may be federated by a single NSX Global Manager instance. This includes inter-region and intra-region NSX Local Manager instances. Factor in this maximum when deciding whether to include Global Manager resources for a new workload domain. VCF Operations and Automation Sizing • If VCF Operations already exist, then sizing input is not required for VCF Operations. Similar for VCF Automation. • Cloud Proxy selection is automatic, if you are deploying VCF Operations or have an Exisiting VCF Operations. VCF services runtime • Components such as Software depot , LCM, Identity broker, SALT are enabled by default when deploying VCF service runtime on the first VCF Instance. • Components Realtime Data, Software depot and Identity broker are configured within the VCFMS instance. No additional appliances are deployed. • Real-time Metric, Log management, are enabled as part of day 2 deployment and are deployed within the VCFMS instance. • Log management size should not be larger and Instance Profile. The VCFMS Cluster will scale to accomodate the Log Managment Deployment. • Software depot and Identity broker are deployed, sized by default in the First VCF Instance. Optional Software depots and Identity broker deployments can be sized for additional VCF Instances. vCPU and RAM requirements for these compontent are allocated from the exisitng VCFMS cluster. Security Service Platform: • License Hub for vDefend and Avi is required if deploying Avi Load Balancers or Security Service Platform. A single License Hub is required per VCF Fleet. • SSPI = Security Services Platform Installer; SSP = Security Services Platform; A single SSP installer can manage up to 5 SSP instances. • The SSP form factor selection is based on the respective management or workload domain NSX Manager appliance size. A medium form factor is required to activate Security Intelligence. For a larger configuration and inventory scale, you must use the large or extra-large form factor. • To activate all vDefend Advanced Threat Prevention capabilities, including Malware Prevention Service, Network Traffic Analysis, NDR Sensor, and Network Detection and Response, you need a large SSP form factor with at least 8 worker nodes.
B8: Host and Operations Reserve (%) | E8: 30 | G8: SDDC Manager | J8: 1 | K8: =sizing_sddc_manager_cpu -> 4 | L8: =sizing_sddc_manager_ram -> 16 | M8: =sizing_sddc_manager_disk -> 914 | O8: Hosts count based on User Specification | R8: =IF(OR(H40="Mandatory - HA Cluster",sizing_vcf_deployment_model_chosen="Deploy HA"),MAX(4,(ROUNDUP(((SUM(K8:K29,K30)/sizing_cpu_oversubscription)/sizing_mgmt_cluster_host_core_count),0)),((ROUNDUP((SUM(L8:L29,L30)/sizing_mgmt_cluster_host_ram_count),0))+1)), IF(OR(sizing_storage_type="vSAN-ESA",sizing_storage_type="vSAN-OSA"),MAX(3,(ROUNDUP(((SUM(K8:K29,K30)/sizing_cpu_oversubscription)/sizing_mgmt_cluster_host_core_count),0)),((ROUNDUP((SUM(L8:L29,L30/sizing_ram_oversubscription)/sizing_mgmt_cluster_host_ram_count),0))+1)),MAX(2,(ROUNDUP(((SUM(K8:K30)/sizing_cpu_oversubscription)/sizing_mgmt_cluster_host_core_count),0)),((ROUNDUP((SUM(L8:L29,L30/sizing_ram_oversubscription)/sizing_mgmt_cluster_host_ram_count),0))+1)))) -> 4
B9: Storage Estimated Growth (%) | E9: 10 | G9: Management Domain vCenter | J9: 1 | K9: =IF(sizing_m01_included="Included",VLOOKUP(D40,table_vcenter_appliance_cpu,2,FALSE),0) -> 4 | L9: =IF(sizing_m01_included="Included",VLOOKUP(D40,table_vcenter_appliance_ram,2,FALSE),0) -> 21 | M9: =IF(sizing_m01_included="Included",VLOOKUP(CONCATENATE(D40,F40),table_vcenter_disk_gb,2,FALSE),0) -> 2084 | O9: CPU usage Per Host (based on N-1 hosts) | R9: =CONCATENATE(ROUNDUP(SUM(K8:K30)/(calculated_mgmt_host_count-1)/sizing_cpu_oversubscription,0)," CPUs") -> 23 CPUs
G10: Management Domain NSX Managers (Local / Global) | J10: =SUM(IF(sizing_m01_nsxt_model="Mandatory - Single Node",1,3),IF(sizing_m01_nsxt_gm_appliance_size<>"Excluded",3,0)) -> 3 | K10: =SUM(PRODUCT(VLOOKUP(sizing_m01_nsxt_appliance_size,table_nsxt_manager_cpu,2,FALSE),IF(sizing_m01_nsxt_model="Mandatory - HA Cluster",3,1)),(PRODUCT(IF(sizing_m01_nsxt_gm_appliance_size<>"Excluded",VLOOKUP(sizing_m01_nsxt_gm_appliance_size,table_nsxt_manager_cpu,2,FALSE),0),3))) -> 18 | L10: =SUM(PRODUCT(VLOOKUP(sizing_m01_nsxt_appliance_size,table_nsxt_manager_ram,2,FALSE),IF(sizing_m01_nsxt_model="Mandatory - HA Cluster",3,1)),(PRODUCT(IF(sizing_m01_nsxt_gm_appliance_size<>"Excluded",VLOOKUP(sizing_m01_nsxt_gm_appliance_size,table_nsxt_manager_ram,2,FALSE),0),3))) -> 72 | M10: =SUM(PRODUCT(VLOOKUP(sizing_m01_nsxt_appliance_size,table_nsxt_manager_disk_gb,2,FALSE),IF(sizing_m01_nsxt_model="Mandatory - HA Cluster",3,1)),(PRODUCT(IF(sizing_m01_nsxt_gm_appliance_size<>"Excluded",VLOOKUP(sizing_m01_nsxt_gm_appliance_size,table_nsxt_manager_disk_gb,2,FALSE),0),3))) -> 900 | O10: RAM usage Per Host (based on N-1 hosts) | R10: =CONCATENATE(ROUNDUP(SUM(L8:L30)/(calculated_mgmt_host_count-1)/sizing_ram_oversubscription,0)," GB RAM") -> 63 GB RAM
B11: Management Domain Host Parameters | G11: Management Domain NSX Edges | J11: =IF(AND(sizing_m01_nsxt_edge_size<>"Excluded",sizing_m01_nsxt_edge_size<>"VNA Small",sizing_m01_nsxt_edge_size<>"VNA Medium",sizing_m01_nsxt_edge_size<>"VNA Large",sizing_m01_nsxt_edge_size<>"VNA XLarge"),2,0) -> 0 | K11: =PRODUCT(IF(AND(sizing_m01_nsxt_edge_size<>"Excluded",sizing_m01_nsxt_edge_size<>"VNA Small",sizing_m01_nsxt_edge_size<>"VNA Medium",sizing_m01_nsxt_edge_size<>"VNA Large",sizing_m01_nsxt_edge_size<>"VNA XLarge",sizing_m01_included="Included"),VLOOKUP(sizing_m01_nsxt_edge_size,table_nsxt_edge_cpu,2,FALSE),0),J11) -> 0 | L11: =PRODUCT(IF(AND(sizing_m01_nsxt_edge_size<>"Excluded",sizing_m01_nsxt_edge_size<>"VNA Small",sizing_m01_nsxt_edge_size<>"VNA Medium",sizing_m01_nsxt_edge_size<>"VNA Large",sizing_m01_nsxt_edge_size<>"VNA XLarge",sizing_m01_included="Included"),VLOOKUP(sizing_m01_nsxt_edge_size,table_nsxt_edge_ram,2,FALSE),0),2) -> 0 | M11: =PRODUCT(IF(AND(sizing_m01_nsxt_edge_size<>"Excluded",sizing_m01_nsxt_edge_size<>"VNA Small",sizing_m01_nsxt_edge_size<>"VNA Medium",sizing_m01_nsxt_edge_size<>"VNA Large",sizing_m01_nsxt_edge_size<>"VNA XLarge",sizing_m01_included="Included"),VLOOKUP(sizing_m01_nsxt_edge_size,table_nsxt_edge_disk_gb,2,FALSE),0),J11) -> 0
B12: Attribute | E12: Value | G12: Management Domain Virtual Network Appliances | J12: =IF(AND(sizing_m01_nsxt_edge_size<>"Excluded",sizing_m01_nsxt_edge_size<>"NSX Edge Small",sizing_m01_nsxt_edge_size<>"NSX Edge Medium",sizing_m01_nsxt_edge_size<>"NSX Edge Large",sizing_m01_nsxt_edge_size<>"NSX Edge XLarge"),2,0) -> 0 | K12: =PRODUCT(IF(AND(sizing_m01_nsxt_edge_size<>"Excluded",sizing_m01_nsxt_edge_size<>"NSX Edge Small",sizing_m01_nsxt_edge_size<>"NSX Edge Medium",sizing_m01_nsxt_edge_size<>"NSX Edge Large",sizing_m01_nsxt_edge_size<>"NSX Edge XLarge",sizing_m01_included="Included"),VLOOKUP(sizing_m01_nsxt_edge_size,table_nsxt_edge_cpu,2,FALSE),0),J12) -> 0 | L12: =PRODUCT(IF(AND(sizing_m01_nsxt_edge_size<>"Excluded",sizing_m01_nsxt_edge_size<>"NSX Edge Small",sizing_m01_nsxt_edge_size<>"NSX Edge Medium",sizing_m01_nsxt_edge_size<>"NSX Edge Large",sizing_m01_nsxt_edge_size<>"NSX Edge XLarge",sizing_m01_included="Included"),VLOOKUP(sizing_m01_nsxt_edge_size,table_nsxt_edge_ram,2,FALSE),0),J12) -> 0 | M12: =PRODUCT(IF(AND(sizing_m01_nsxt_edge_size<>"Excluded",sizing_m01_nsxt_edge_size<>"NSX Edge Small",sizing_m01_nsxt_edge_size<>"NSX Edge Medium",sizing_m01_nsxt_edge_size<>"NSX Edge Large",sizing_m01_nsxt_edge_size<>"NSX Edge XLarge",sizing_m01_included="Included"),VLOOKUP(sizing_m01_nsxt_edge_size,table_nsxt_edge_disk_gb,2,FALSE),0),J12) -> 0 | O12: vSAN Storage Requirements if used as Primary Storage
B13: CPU Cores | E13: 128 | G13: Management Domain Supervisor | J13: =IF(sizing_m01_supervisor_mode="Single Node",1,IF(sizing_m01_supervisor_mode="High Availability",3,0)) -> 0 | K13: =PRODUCT(IF(sizing_m01_supervisor_mode<>"Excluded",VLOOKUP(sizing_m01_supervisor_size,table_supervisor_cpu,2,FALSE),0),J13) -> 0 | L13: =PRODUCT(IF(sizing_m01_supervisor_mode<>"Excluded",VLOOKUP(sizing_m01_supervisor_size,table_supervisor_ram,2,FALSE),0),J13) -> 0 | M13: =PRODUCT(IF(sizing_m01_supervisor_mode<>"Excluded",VLOOKUP(sizing_m01_supervisor_size,table_supervisor_disk,2,FALSE),0),J13) -> 0 | O13: Storage Type | R13: vSAN-ESA
B14: RAM Count (GB) | E14: 1024 | G14: Management Domain AVI Load Balancer | J14: =IF(sizing_mgmt_avi_lb_appliance_size="Excluded",0,3) -> 0 | K14: =IF(sizing_mgmt_avi_lb_appliance_size="Excluded",0,PRODUCT(J14,IF(AND(sizing_m01_included="Included",sizing_mgmt_avi_lb_appliance_size<>"Excluded"),VLOOKUP(sizing_mgmt_avi_lb_appliance_size,table_avi_lb_cpu,2,FALSE),0))) -> 0 | L14: =IF(sizing_mgmt_avi_lb_appliance_size="Excluded",0,PRODUCT(J14,IF(AND(sizing_m01_included="Included",sizing_mgmt_avi_lb_appliance_size<>"Excluded"),VLOOKUP(sizing_mgmt_avi_lb_appliance_size,table_avi_lb_ram,2,FALSE),0))) -> 0 | M14: =IF(sizing_mgmt_avi_lb_appliance_size="Excluded",0,PRODUCT(J14,IF(AND(sizing_m01_included="Included",sizing_mgmt_avi_lb_appliance_size<>"Excluded"),VLOOKUP(sizing_mgmt_avi_lb_appliance_size,table_avi_lb_disk,2,FALSE),0))) -> 0 | O14: Component | R14: GB
B15: CPU Oversubscription (X:1) | E15: 1 | G15: Management Domain Security Services Platform | J15: =IF(sizing_m01_ssp_chosen<>"Excluded", SUM(VLOOKUP(sizing_m01_nsxt_appliance_size, table_ssp_workers, 2, FALSE), VLOOKUP(sizing_m01_nsxt_appliance_size, table_ssp_controller, 2, FALSE),VLOOKUP(sizing_m01_nsxt_appliance_size, table_ssp_sspi, 2, FALSE)), 0) -> 0 | K15: =IF(sizing_m01_ssp_chosen<>"Excluded",VLOOKUP(sizing_m01_nsxt_appliance_size,table_ssp_cpu,2,FALSE),0) -> 0 | L15: =IF(sizing_m01_ssp_chosen<>"Excluded",VLOOKUP(sizing_m01_nsxt_appliance_size,table_ssp_ram,2,FALSE),0) -> 0 | M15: =IF(sizing_m01_ssp_chosen<>"Excluded",VLOOKUP(sizing_m01_nsxt_appliance_size,table_ssp_disk,2,FALSE),0) -> 0 | O15: Virtual Machine Capacity Requirements | R15: =(SUM(M8:M30)) -> 6998
B16: Memory Oversubscription (X:1) | E16: 1 | G16: Security Services Platform Installer | J16: {=_xlfn.LET(_xlpm.c, _xlfn.VSTACK(W40, X44:X78), _xlpm.s, _xlfn.VSTACK(I40, I44:I78), _xlpm.cnts, _xlfn.SCAN(0, _xlpm.c, _xlfn.LAMBDA(_xlpm.a,_xlpm.v, _xlpm.a + (_xlpm.v = "Include"))), SUM(_xlfn.MAP(_xlpm.c, _xlpm.s, _xlpm.cnts, _xlfn.LAMBDA(_xlpm.chosen,_xlpm.size,_xlpm.cnt, IF(AND(_xlpm.chosen = "Include", MOD(_xlpm.cnt, 5) = 1), VLOOKUP(_xlpm.size, table_ssp_sspi, 2, FALSE), 0)))))} -> 0 | K16: {=_xlfn.LET(_xlpm.c, _xlfn.VSTACK(W40, X44:X78), _xlpm.s, _xlfn.VSTACK(I40, I44:I78), _xlpm.cnts, _xlfn.SCAN(0, _xlpm.c, _xlfn.LAMBDA(_xlpm.a,_xlpm.v, _xlpm.a + (_xlpm.v = "Include"))), SUM(_xlfn.MAP(_xlpm.c, _xlpm.s, _xlpm.cnts, _xlfn.LAMBDA(_xlpm.chosen,_xlpm.size,_xlpm.cnt, IF(AND(_xlpm.chosen = "Include", MOD(_xlpm.cnt, 5) = 1), VLOOKUP(_xlpm.size, table_ssp_sspi_cpu, 2, FALSE), 0)))))} -> 0 | L16: {=_xlfn.LET(_xlpm.c, _xlfn.VSTACK(W40, X44:X78), _xlpm.s, _xlfn.VSTACK(I40, I44:I78), _xlpm.cnts, _xlfn.SCAN(0, _xlpm.c, _xlfn.LAMBDA(_xlpm.a,_xlpm.v, _xlpm.a + (_xlpm.v = "Include"))), SUM(_xlfn.MAP(_xlpm.c, _xlpm.s, _xlpm.cnts, _xlfn.LAMBDA(_xlpm.chosen,_xlpm.size,_xlpm.cnt, IF(AND(_xlpm.chosen = "Include", MOD(_xlpm.cnt, 5) = 1), VLOOKUP(_xlpm.size, table_ssp_sspi_ram, 2, FALSE), 0)))))} -> 0 | M16: {=_xlfn.LET(_xlpm.c, _xlfn.VSTACK(W40, X44:X78), _xlpm.s, _xlfn.VSTACK(I40, I44:I78), _xlpm.cnts, _xlfn.SCAN(0, _xlpm.c, _xlfn.LAMBDA(_xlpm.a,_xlpm.v, _xlpm.a + (_xlpm.v = "Include"))), SUM(_xlfn.MAP(_xlpm.c, _xlpm.s, _xlpm.cnts, _xlfn.LAMBDA(_xlpm.chosen,_xlpm.size,_xlpm.cnt, IF(AND(_xlpm.chosen = "Include", MOD(_xlpm.cnt, 5) = 1), VLOOKUP(_xlpm.size, table_ssp_sspi_disk, 2, FALSE), 0)))))} -> 0 | O16: Swap File Requirements | R16: =CONCATENATE(SUM(L8:L30)) -> 187
G17: vDefend and AVI Licensing Hub | J17: =IF(sizing_vdefend_licensing_hub_chosen="Include",1,0) -> 0 | K17: =IF(sizing_vdefend_licensing_hub_chosen="Include",sizing_table_ssp_lic_cpu,0) -> 0 | L17: =IF(sizing_vdefend_licensing_hub_chosen="Include",sizing_table_ssp_lic_ram,0) -> 0 | M17: =IF(sizing_vdefend_licensing_hub_chosen="Include",sizing_table_ssp_lic_disk,0) -> 0 | O17: Interim Total (VM Capacity + Swap File) | R17: =R15+R16 -> 7185
B18: VCF Instance Profile | G18: Workload Domain vCenter | J18: =COUNTIF(C44:C78,"Included") -> 0 | K18: =(SUM(IF(sizing_w01_chosen="Included",VLOOKUP(sizing_w01_vcenter_appliance_size,table_vcenter_appliance_cpu,2,FALSE)), IF(sizing_w02_chosen="Included",VLOOKUP(sizing_w02_vcenter_appliance_size,table_vcenter_appliance_cpu,2,FALSE)), IF(sizing_w03_chosen="Included",VLOOKUP(sizing_w03_vcenter_appliance_size,table_vcenter_appliance_cpu,2,FALSE)), IF(sizing_w04_chosen="Included",VLOOKUP(sizing_w04_vcenter_appliance_size,table_vcenter_appliance_cpu,2,FALSE)), IF(sizing_w05_chosen="Included",VLOOKUP(sizing_w05_vcenter_appliance_size,table_vcenter_appliance_cpu,2,FALSE)), IF(sizing_w06_chosen="Included",VLOOKUP(sizing_w06_vcenter_appliance_size,table_vcenter_appliance_cpu,2,FALSE)), IF(sizing_w07_chosen="Included",VLOOKUP(sizing_w07_vcenter_appliance_size,table_vcenter_appliance_cpu,2,FALSE)), IF(sizing_w08_chosen="Included",VLOOKUP(sizing_w08_vcenter_appliance_size,table_vcenter_appliance_cpu,2,FALSE)), IF(sizing_w09_chosen="Included",VLOOKUP(sizing_w09_vcenter_appliance_size,table_vcenter_appliance_cpu,2,FALSE)), IF(sizing_w10_chosen="Included",VLOOKUP(sizing_w10_vcenter_appliance_size,table_vcenter_appliance_cpu,2,FALSE)), IF(sizing_w11_chosen="Included",VLOOKUP(sizing_w11_vcenter_appliance_size,table_vcenter_appliance_cpu,2,FALSE)), IF(sizing_w12_chosen="Included",VLOOKUP(sizing_w12_vcenter_appliance_size,table_vcenter_appliance_cpu,2,FALSE)), IF(sizing_w13_chosen="Included",VLOOKUP(sizing_w13_vcenter_appliance_size,table_vcenter_appliance_cpu,2,FALSE)), IF(sizing_w14_chosen="Included",VLOOKUP(sizing_w14_vcenter_appliance_size,table_vcenter_appliance_cpu,2,FALSE)), IF(sizing_w15_chosen="Included",VLOOKUP(sizing_w15_vcenter_appliance_size,table_vcenter_appliance_cpu,2,FALSE)), IF(sizing_w16_chosen="Included",VLOOKUP(sizing_w16_vcenter_appliance_size,table_vcenter_appliance_cpu,2,FALSE)), IF(sizing_w17_chosen="Included",VLOOKUP(sizing_w17_vcenter_appliance_size,table_vcenter_appliance_cpu,2,FALSE)), IF(sizing_w18_chosen="Included",VLOOKUP(sizing_w18_vcenter_appliance_size,table_vcenter_appliance_cpu,2,FALSE)), IF(sizing_w19_chosen="Included",VLOOKUP(sizing_w19_vcenter_appliance_size,table_vcenter_appliance_cpu,2,FALSE)), IF(sizing_w20_chosen="Included",VLOOKUP(sizing_w20_vcenter_appliance_size,table_vcenter_appliance_cpu,2,FALSE)), IF(sizing_w21_chosen="Included",VLOOKUP(sizing_w21_vcenter_appliance_size,table_vcenter_appliance_cpu,2,FALSE)), IF(sizing_w22_chosen="Included",VLOOKUP(sizing_w22_vcenter_appliance_size,table_vcenter_appliance_cpu,2,FALSE)), IF(sizing_w23_chosen="Included",VLOOKUP(sizing_w23_vcenter_appliance_size,table_vcenter_appliance_cpu,2,FALSE)), IF(sizing_w24_chosen="Included",VLOOKUP(sizing_w24_vcenter_appliance_size,table_vcenter_appliance_cpu,2,FALSE)), IF(sizing_w25_chosen="Included",VLOOKUP(sizing_w25_vcenter_appliance_size,table_vcenter_appliance_cpu,2,FALSE)), IF(sizing_w26_chosen="Included",VLOOKUP(sizing_w26_vcenter_appliance_size,table_vcenter_appliance_cpu,2,FALSE)), IF(sizing_w27_chosen="Included",VLOOKUP(sizing_w27_vcenter_appliance_size,table_vcenter_appliance_cpu,2,FALSE)), IF(sizing_w28_chosen="Included",VLOOKUP(sizing_w28_vcenter_appliance_size,table_vcenter_appliance_cpu,2,FALSE)), IF(sizing_w29_chosen="Included",VLOOKUP(sizing_w29_vcenter_appliance_size,table_vcenter_appliance_cpu,2,FALSE)), IF(sizing_w30_chosen="Included",VLOOKUP(sizing_w30_vcenter_appliance_size,table_vcenter_appliance_cpu,2,FALSE)), IF(sizing_w31_chosen="Included",VLOOKUP(sizing_w31_vcenter_appliance_size,table_vcenter_appliance_cpu,2,FALSE)), IF(sizing_w32_chosen="Included",VLOOKUP(sizing_w32_vcenter_appliance_size,table_vcenter_appliance_cpu,2,FALSE)), IF(sizing_w33_chosen="Included",VLOOKUP(sizing_w33_vcenter_appliance_size,table_vcenter_appliance_cpu,2,FALSE)), IF(sizing_w34_chosen="Included",VLOOKUP(sizing_w34_vcenter_appliance_size,table_vcenter_appliance_cpu,2,FALSE)), IF(sizing_w35_chosen="Included",VLOOKUP(sizing_w35_vcenter_appliance_size,table_vcenter_appliance_cpu,2,FALSE)), )) -> 0 | L18: =SUM(IF(sizing_w01_chosen="Included",VLOOKUP(sizing_w01_vcenter_appliance_size,table_vcenter_appliance_ram,2,FALSE)), IF(sizing_w02_chosen="Included",VLOOKUP(sizing_w02_vcenter_appliance_size,table_vcenter_appliance_ram,2,FALSE)), IF(sizing_w03_chosen="Included",VLOOKUP(sizing_w03_vcenter_appliance_size,table_vcenter_appliance_ram,2,FALSE)), IF(sizing_w04_chosen="Included",VLOOKUP(sizing_w04_vcenter_appliance_size,table_vcenter_appliance_ram,2,FALSE)), IF(sizing_w05_chosen="Included",VLOOKUP(sizing_w05_vcenter_appliance_size,table_vcenter_appliance_ram,2,FALSE)), IF(sizing_w06_chosen="Included",VLOOKUP(sizing_w06_vcenter_appliance_size,table_vcenter_appliance_ram,2,FALSE)), IF(sizing_w07_chosen="Included",VLOOKUP(sizing_w07_vcenter_appliance_size,table_vcenter_appliance_ram,2,FALSE)), IF(sizing_w08_chosen="Included",VLOOKUP(sizing_w08_vcenter_appliance_size,table_vcenter_appliance_ram,2,FALSE)), IF(sizing_w09_chosen="Included",VLOOKUP(sizing_w09_vcenter_appliance_size,table_vcenter_appliance_ram,2,FALSE)), IF(sizing_w10_chosen="Included",VLOOKUP(sizing_w10_vcenter_appliance_size,table_vcenter_appliance_ram,2,FALSE)), IF(sizing_w11_chosen="Included",VLOOKUP(sizing_w11_vcenter_appliance_size,table_vcenter_appliance_ram,2,FALSE)), IF(sizing_w12_chosen="Included",VLOOKUP(sizing_w12_vcenter_appliance_size,table_vcenter_appliance_ram,2,FALSE)), IF(sizing_w13_chosen="Included",VLOOKUP(sizing_w13_vcenter_appliance_size,table_vcenter_appliance_ram,2,FALSE)), IF(sizing_w14_chosen="Included",VLOOKUP(sizing_w14_vcenter_appliance_size,table_vcenter_appliance_ram,2,FALSE)), IF(sizing_w15_chosen="Included",VLOOKUP(sizing_w15_vcenter_appliance_size,table_vcenter_appliance_ram,2,FALSE)), IF(sizing_w16_chosen="Included",VLOOKUP(sizing_w16_vcenter_appliance_size,table_vcenter_appliance_ram,2,FALSE)), IF(sizing_w17_chosen="Included",VLOOKUP(sizing_w17_vcenter_appliance_size,table_vcenter_appliance_ram,2,FALSE)), IF(sizing_w18_chosen="Included",VLOOKUP(sizing_w18_vcenter_appliance_size,table_vcenter_appliance_ram,2,FALSE)), IF(sizing_w19_chosen="Included",VLOOKUP(sizing_w19_vcenter_appliance_size,table_vcenter_appliance_ram,2,FALSE)), IF(sizing_w20_chosen="Included",VLOOKUP(sizing_w20_vcenter_appliance_size,table_vcenter_appliance_ram,2,FALSE)), IF(sizing_w21_chosen="Included",VLOOKUP(sizing_w21_vcenter_appliance_size,table_vcenter_appliance_ram,2,FALSE)), IF(sizing_w22_chosen="Included",VLOOKUP(sizing_w22_vcenter_appliance_size,table_vcenter_appliance_ram,2,FALSE)), IF(sizing_w23_chosen="Included",VLOOKUP(sizing_w23_vcenter_appliance_size,table_vcenter_appliance_ram,2,FALSE)), IF(sizing_w24_chosen="Included",VLOOKUP(sizing_w24_vcenter_appliance_size,table_vcenter_appliance_ram,2,FALSE)), IF(sizing_w25_chosen="Included",VLOOKUP(sizing_w25_vcenter_appliance_size,table_vcenter_appliance_ram,2,FALSE)), IF(sizing_w26_chosen="Included",VLOOKUP(sizing_w26_vcenter_appliance_size,table_vcenter_appliance_ram,2,FALSE)), IF(sizing_w27_chosen="Included",VLOOKUP(sizing_w27_vcenter_appliance_size,table_vcenter_appliance_ram,2,FALSE)), IF(sizing_w28_chosen="Included",VLOOKUP(sizing_w28_vcenter_appliance_size,table_vcenter_appliance_ram,2,FALSE)), IF(sizing_w29_chosen="Included",VLOOKUP(sizing_w29_vcenter_appliance_size,table_vcenter_appliance_ram,2,FALSE)), IF(sizing_w30_chosen="Included",VLOOKUP(sizing_w30_vcenter_appliance_size,table_vcenter_appliance_ram,2,FALSE)), IF(sizing_w31_chosen="Included",VLOOKUP(sizing_w31_vcenter_appliance_size,table_vcenter_appliance_ram,2,FALSE)), IF(sizing_w32_chosen="Included",VLOOKUP(sizing_w32_vcenter_appliance_size,table_vcenter_appliance_ram,2,FALSE)), IF(sizing_w33_chosen="Included",VLOOKUP(sizing_w33_vcenter_appliance_size,table_vcenter_appliance_ram,2,FALSE)), IF(sizing_w34_chosen="Included",VLOOKUP(sizing_w34_vcenter_appliance_size,table_vcenter_appliance_ram,2,FALSE)), IF(sizing_w35_chosen="Included",VLOOKUP(sizing_w35_vcenter_appliance_size,table_vcenter_appliance_ram,2,FALSE)), ) -> 0 | M18: =SUM((IF(sizing_w01_chosen="Included",VLOOKUP(CONCATENATE(sizing_w01_vcenter_appliance_size,sizing_w01_vcenter_storage_size),table_vcenter_disk_gb,2,FALSE),0)), IF(sizing_w02_chosen="Included",VLOOKUP(CONCATENATE(sizing_w02_vcenter_appliance_size,sizing_w02_vcenter_storage_size),table_vcenter_disk_gb,2,FALSE),0), IF(sizing_w03_chosen="Included",VLOOKUP(CONCATENATE(sizing_w03_vcenter_appliance_size,sizing_w03_vcenter_storage_size),table_vcenter_disk_gb,2,FALSE),0), IF(sizing_w04_chosen="Included",VLOOKUP(CONCATENATE(sizing_w04_vcenter_appliance_size,sizing_w04_vcenter_storage_size),table_vcenter_disk_gb,2,FALSE),0), IF(sizing_w05_chosen="Included",VLOOKUP(CONCATENATE(sizing_w05_vcenter_appliance_size,sizing_w05_vcenter_storage_size),table_vcenter_disk_gb,2,FALSE),0), IF(sizing_w06_chosen="Included",VLOOKUP(CONCATENATE(sizing_w06_vcenter_appliance_size,sizing_w06_vcenter_storage_size),table_vcenter_disk_gb,2,FALSE),0), IF(sizing_w07_chosen="Included",VLOOKUP(CONCATENATE(sizing_w07_vcenter_appliance_size,sizing_w07_vcenter_storage_size),table_vcenter_disk_gb,2,FALSE),0), IF(sizing_w08_chosen="Included",VLOOKUP(CONCATENATE(sizing_w08_vcenter_appliance_size,sizing_w08_vcenter_storage_size),table_vcenter_disk_gb,2,FALSE),0), IF(sizing_w09_chosen="Included",VLOOKUP(CONCATENATE(sizing_w09_vcenter_appliance_size,sizing_w09_vcenter_storage_size),table_vcenter_disk_gb,2,FALSE),0), IF(sizing_w10_chosen="Included",VLOOKUP(CONCATENATE(sizing_w10_vcenter_appliance_size,sizing_w10_vcenter_storage_size),table_vcenter_disk_gb,2,FALSE),0), IF(sizing_w11_chosen="Included",VLOOKUP(CONCATENATE(sizing_w11_vcenter_appliance_size,sizing_w11_vcenter_storage_size),table_vcenter_disk_gb,2,FALSE),0), IF(sizing_w12_chosen="Included",VLOOKUP(CONCATENATE(sizing_w12_vcenter_appliance_size,sizing_w12_vcenter_storage_size),table_vcenter_disk_gb,2,FALSE),0), IF(sizing_w13_chosen="Included",VLOOKUP(CONCATENATE(sizing_w13_vcenter_appliance_size,sizing_w13_vcenter_storage_size),table_vcenter_disk_gb,2,FALSE),0), IF(sizing_w14_chosen="Included",VLOOKUP(CONCATENATE(sizing_w14_vcenter_appliance_size,sizing_w14_vcenter_storage_size),table_vcenter_disk_gb,2,FALSE),0), IF(sizing_w15_chosen="Included",VLOOKUP(CONCATENATE(sizing_w15_vcenter_appliance_size,sizing_w15_vcenter_storage_size),table_vcenter_disk_gb,2,FALSE),0), IF(sizing_w16_chosen="Included",VLOOKUP(CONCATENATE(sizing_w16_vcenter_appliance_size,sizing_w16_vcenter_storage_size),table_vcenter_disk_gb,2,FALSE),0), IF(sizing_w17_chosen="Included",VLOOKUP(CONCATENATE(sizing_w17_vcenter_appliance_size,sizing_w17_vcenter_storage_size),table_vcenter_disk_gb,2,FALSE),0), IF(sizing_w18_chosen="Included",VLOOKUP(CONCATENATE(sizing_w18_vcenter_appliance_size,sizing_w18_vcenter_storage_size),table_vcenter_disk_gb,2,FALSE),0), IF(sizing_w19_chosen="Included",VLOOKUP(CONCATENATE(sizing_w19_vcenter_appliance_size,sizing_w19_vcenter_storage_size),table_vcenter_disk_gb,2,FALSE),0), IF(sizing_w20_chosen="Included",VLOOKUP(CONCATENATE(sizing_w20_vcenter_appliance_size,sizing_w20_vcenter_storage_size),table_vcenter_disk_gb,2,FALSE),0), IF(sizing_w21_chosen="Included",VLOOKUP(CONCATENATE(sizing_w21_vcenter_appliance_size,sizing_w21_vcenter_storage_size),table_vcenter_disk_gb,2,FALSE),0), IF(sizing_w22_chosen="Included",VLOOKUP(CONCATENATE(sizing_w22_vcenter_appliance_size,sizing_w22_vcenter_storage_size),table_vcenter_disk_gb,2,FALSE),0), IF(sizing_w23_chosen="Included",VLOOKUP(CONCATENATE(sizing_w23_vcenter_appliance_size,sizing_w23_vcenter_storage_size),table_vcenter_disk_gb,2,FALSE),0), IF(sizing_w24_chosen="Included",VLOOKUP(CONCATENATE(sizing_w24_vcenter_appliance_size,sizing_w24_vcenter_storage_size),table_vcenter_disk_gb,2,FALSE),0), IF(sizing_w25_chosen="Included",VLOOKUP(CONCATENATE(sizing_w25_vcenter_appliance_size,sizing_w25_vcenter_storage_size),table_vcenter_disk_gb,2,FALSE),0), IF(sizing_w26_chosen="Included",VLOOKUP(CONCATENATE(sizing_w26_vcenter_appliance_size,sizing_w26_vcenter_storage_size),table_vcenter_disk_gb,2,FALSE),0), IF(sizing_w27_chosen="Included",VLOOKUP(CONCATENATE(sizing_w27_vcenter_appliance_size,sizing_w27_vcenter_storage_size),table_vcenter_disk_gb,2,FALSE),0), IF(sizing_w28_chosen="Included",VLOOKUP(CONCATENATE(sizing_w28_vcenter_appliance_size,sizing_w28_vcenter_storage_size),table_vcenter_disk_gb,2,FALSE),0), IF(sizing_w29_chosen="Included",VLOOKUP(CONCATENATE(sizing_w29_vcenter_appliance_size,sizing_w29_vcenter_storage_size),table_vcenter_disk_gb,2,FALSE),0), IF(sizing_w30_chosen="Included",VLOOKUP(CONCATENATE(sizing_w30_vcenter_appliance_size,sizing_w30_vcenter_storage_size),table_vcenter_disk_gb,2,FALSE),0), IF(sizing_w31_chosen="Included",VLOOKUP(CONCATENATE(sizing_w31_vcenter_appliance_size,sizing_w31_vcenter_storage_size),table_vcenter_disk_gb,2,FALSE),0), IF(sizing_w32_chosen="Included",VLOOKUP(CONCATENATE(sizing_w32_vcenter_appliance_size,sizing_w32_vcenter_storage_size),table_vcenter_disk_gb,2,FALSE),0), IF(sizing_w33_chosen="Included",VLOOKUP(CONCATENATE(sizing_w33_vcenter_appliance_size,sizing_w33_vcenter_storage_size),table_vcenter_disk_gb,2,FALSE),0), IF(sizing_w34_chosen="Included",VLOOKUP(CONCATENATE(sizing_w34_vcenter_appliance_size,sizing_w34_vcenter_storage_size),table_vcenter_disk_gb,2,FALSE),0), IF(sizing_w35_chosen="Included",VLOOKUP(CONCATENATE(sizing_w35_vcenter_appliance_size,sizing_w35_vcenter_storage_size),table_vcenter_disk_gb,2,FALSE),0), ) -> 0 | O18: Redundancy based on FTT1 | R18: =ROUNDUP(IF(sizing_storage_type="vSAN-ESA",R17*1.5,R17*2),0) -> 10778
B19: Component | E19: Value | G19: Workload Domain NSX Managers (Local / Global) | J19: =SUM( (IF(AND(sizing_w01_chosen="Included",sizing_w01_nsxt_model<>"Shared"),IF(sizing_w01_nsxt_model="Dedicated - HA Cluster",3,1),0)), (IF(AND(sizing_w02_chosen="Included",sizing_w02_nsxt_model<>"Shared"),IF(sizing_w02_nsxt_model="Dedicated - HA Cluster",3,1),0)), (IF(AND(sizing_w03_chosen="Included",sizing_w03_nsxt_model<>"Shared"),IF(sizing_w03_nsxt_model="Dedicated - HA Cluster",3,1),0)), (IF(AND(sizing_w04_chosen="Included",sizing_w04_nsxt_model<>"Shared"),IF(sizing_w04_nsxt_model="Dedicated - HA Cluster",3,1),0)), (IF(AND(sizing_w05_chosen="Included",sizing_w05_nsxt_model<>"Shared"),IF(sizing_w05_nsxt_model="Dedicated - HA Cluster",3,1),0)), (IF(AND(sizing_w06_chosen="Included",sizing_w06_nsxt_model<>"Shared"),IF(sizing_w06_nsxt_model="Dedicated - HA Cluster",3,1),0)), (IF(AND(sizing_w07_chosen="Included",sizing_w07_nsxt_model<>"Shared"),IF(sizing_w07_nsxt_model="Dedicated - HA Cluster",3,1),0)), (IF(AND(sizing_w08_chosen="Included",sizing_w08_nsxt_model<>"Shared"),IF(sizing_w08_nsxt_model="Dedicated - HA Cluster",3,1),0)), (IF(AND(sizing_w09_chosen="Included",sizing_w09_nsxt_model<>"Shared"),IF(sizing_w09_nsxt_model="Dedicated - HA Cluster",3,1),0)),, (IF(AND(sizing_w10_chosen="Included",sizing_w10_nsxt_model<>"Shared"),IF(sizing_w10_nsxt_model="Dedicated - HA Cluster",3,1),0)), (IF(AND(sizing_w11_chosen="Included",sizing_w11_nsxt_model<>"Shared"),IF(sizing_w11_nsxt_model="Dedicated - HA Cluster",3,1),0)), (IF(AND(sizing_w12_chosen="Included",sizing_w12_nsxt_model<>"Shared"),IF(sizing_w12_nsxt_model="Dedicated - HA Cluster",3,1),0)), (IF(AND(sizing_w13_chosen="Included",sizing_w13_nsxt_model<>"Shared"),IF(sizing_w13_nsxt_model="Dedicated - HA Cluster",3,1),0)), (IF(AND(sizing_w14_chosen="Included",sizing_w14_nsxt_model<>"Shared"),IF(sizing_w14_nsxt_model="Dedicated - HA Cluster",3,1),0)), (IF(AND(sizing_w15_chosen="Included",sizing_w15_nsxt_model<>"Shared"),IF(sizing_w15_nsxt_model="Dedicated - HA Cluster",3,1),0)), (IF(AND(sizing_w16_chosen="Included",sizing_w16_nsxt_model<>"Shared"),IF(sizing_w16_nsxt_model="Dedicated - HA Cluster",3,1),0)), (IF(AND(sizing_w17_chosen="Included",sizing_w17_nsxt_model<>"Shared"),IF(sizing_w17_nsxt_model="Dedicated - HA Cluster",3,1),0)), (IF(AND(sizing_w18_chosen="Included",sizing_w18_nsxt_model<>"Shared"),IF(sizing_w18_nsxt_model="Dedicated - HA Cluster",3,1),0)), (IF(AND(sizing_w19_chosen="Included",sizing_w19_nsxt_model<>"Shared"),IF(sizing_w19_nsxt_model="Dedicated - HA Cluster",3,1),0)), (IF(AND(sizing_w20_chosen="Included",sizing_w20_nsxt_model<>"Shared"),IF(sizing_w20_nsxt_model="Dedicated - HA Cluster",3,1),0)), (IF(AND(sizing_w21_chosen="Included",sizing_w21_nsxt_model<>"Shared"),IF(sizing_w21_nsxt_model="Dedicated - HA Cluster",3,1),0)), (IF(AND(sizing_w22_chosen="Included",sizing_w22_nsxt_model<>"Shared"),IF(sizing_w22_nsxt_model="Dedicated - HA Cluster",3,1),0)), (IF(AND(sizing_w23_chosen="Included",sizing_w23_nsxt_model<>"Shared"),IF(sizing_w23_nsxt_model="Dedicated - HA Cluster",3,1),0)), (IF(AND(sizing_w24_chosen="Included",sizing_w24_nsxt_model<>"Shared"),IF(sizing_w24_nsxt_model="Dedicated - HA Cluster",3,1),0)), (IF(AND(sizing_w25_chosen="Included",sizing_w25_nsxt_model<>"Shared"),IF(sizing_w25_nsxt_model="Dedicated - HA Cluster",3,1),0)), (IF(AND(sizing_w26_chosen="Included",sizing_w26_nsxt_model<>"Shared"),IF(sizing_w26_nsxt_model="Dedicated - HA Cluster",3,1),0)), (IF(AND(sizing_w27_chosen="Included",sizing_w27_nsxt_model<>"Shared"),IF(sizing_w27_nsxt_model="Dedicated - HA Cluster",3,1),0)), (IF(AND(sizing_w28_chosen="Included",sizing_w28_nsxt_model<>"Shared"),IF(sizing_w28_nsxt_model="Dedicated - HA Cluster",3,1),0)), (IF(AND(sizing_w29_chosen="Included",sizing_w29_nsxt_model<>"Shared"),IF(sizing_w29_nsxt_model="Dedicated - HA Cluster",3,1),0)), (IF(AND(sizing_w30_chosen="Included",sizing_w30_nsxt_model<>"Shared"),IF(sizing_w30_nsxt_model="Dedicated - HA Cluster",3,1),0)), (IF(AND(sizing_w31_chosen="Included",sizing_w31_nsxt_model<>"Shared"),IF(sizing_w31_nsxt_model="Dedicated - HA Cluster",3,1),0)), (IF(AND(sizing_w32_chosen="Included",sizing_w32_nsxt_model<>"Shared"),IF(sizing_w32_nsxt_model="Dedicated - HA Cluster",3,1),0)), (IF(AND(sizing_w33_chosen="Included",sizing_w33_nsxt_model<>"Shared"),IF(sizing_w33_nsxt_model="Dedicated - HA Cluster",3,1),0)), (IF(AND(sizing_w34_chosen="Included",sizing_w34_nsxt_model<>"Shared"),IF(sizing_w34_nsxt_model="Dedicated - HA Cluster",3,1),0)), (IF(AND(sizing_w35_chosen="Included",sizing_w35_nsxt_model<>"Shared"),IF(sizing_w35_nsxt_model="Dedicated - HA Cluster",3,1),0)),'Static Reference Tables'!B667) -> 0 | K19: =SUM( PRODUCT((IF(AND(sizing_w01_chosen="Included",sizing_w01_nsxt_model<>"Shared"),VLOOKUP(sizing_w01_nsxt_appliance_size,table_nsxt_manager_cpu,2,FALSE),0)),IF(sizing_w01_nsxt_model="Dedicated - HA Cluster",3,1)), PRODUCT((IF(AND(sizing_w02_chosen="Included",sizing_w02_nsxt_model<>"Shared"),VLOOKUP(sizing_w02_nsxt_appliance_size,table_nsxt_manager_cpu,2,FALSE),0)),IF(sizing_w02_nsxt_model="Dedicated - HA Cluster",3,1)), PRODUCT((IF(AND(sizing_w03_chosen="Included",sizing_w03_nsxt_model<>"Shared"),VLOOKUP(sizing_w03_nsxt_appliance_size,table_nsxt_manager_cpu,2,FALSE),0)),IF(sizing_w03_nsxt_model="Dedicated - HA Cluster",3,1)), PRODUCT((IF(AND(sizing_w04_chosen="Included",sizing_w04_nsxt_model<>"Shared"),VLOOKUP(sizing_w04_nsxt_appliance_size,table_nsxt_manager_cpu,2,FALSE),0)),IF(sizing_w04_nsxt_model="Dedicated - HA Cluster",3,1)), PRODUCT((IF(AND(sizing_w05_chosen="Included",sizing_w05_nsxt_model<>"Shared"),VLOOKUP(sizing_w05_nsxt_appliance_size,table_nsxt_manager_cpu,2,FALSE),0)),IF(sizing_w05_nsxt_model="Dedicated - HA Cluster",3,1)), PRODUCT((IF(AND(sizing_w06_chosen="Included",sizing_w06_nsxt_model<>"Shared"),VLOOKUP(sizing_w06_nsxt_appliance_size,table_nsxt_manager_cpu,2,FALSE),0)),IF(sizing_w06_nsxt_model="Dedicated - HA Cluster",3,1)), PRODUCT((IF(AND(sizing_w07_chosen="Included",sizing_w07_nsxt_model<>"Shared"),VLOOKUP(sizing_w07_nsxt_appliance_size,table_nsxt_manager_cpu,2,FALSE),0)),IF(sizing_w07_nsxt_model="Dedicated - HA Cluster",3,1)), PRODUCT((IF(AND(sizing_w08_chosen="Included",sizing_w08_nsxt_model<>"Shared"),VLOOKUP(sizing_w08_nsxt_appliance_size,table_nsxt_manager_cpu,2,FALSE),0)),IF(sizing_w08_nsxt_model="Dedicated - HA Cluster",3,1)), PRODUCT((IF(AND(sizing_w09_chosen="Included",sizing_w09_nsxt_model<>"Shared"),VLOOKUP(sizing_w09_nsxt_appliance_size,table_nsxt_manager_cpu,2,FALSE),0)),IF(sizing_w09_nsxt_model="Dedicated - HA Cluster",3,1)), PRODUCT((IF(AND(sizing_w10_chosen="Included",sizing_w10_nsxt_model<>"Shared"),VLOOKUP(sizing_w10_nsxt_appliance_size,table_nsxt_manager_cpu,2,FALSE),0)),IF(sizing_w10_nsxt_model="Dedicated - HA Cluster",3,1)), PRODUCT((IF(AND(sizing_w11_chosen="Included",sizing_w11_nsxt_model<>"Shared"),VLOOKUP(sizing_w11_nsxt_appliance_size,table_nsxt_manager_cpu,2,FALSE),0)),IF(sizing_w11_nsxt_model="Dedicated - HA Cluster",3,1)), PRODUCT((IF(AND(sizing_w12_chosen="Included",sizing_w12_nsxt_model<>"Shared"),VLOOKUP(sizing_w12_nsxt_appliance_size,table_nsxt_manager_cpu,2,FALSE),0)),IF(sizing_w12_nsxt_model="Dedicated - HA Cluster",3,1)), PRODUCT((IF(AND(sizing_w13_chosen="Included",sizing_w13_nsxt_model<>"Shared"),VLOOKUP(sizing_w13_nsxt_appliance_size,table_nsxt_manager_cpu,2,FALSE),0)),IF(sizing_w13_nsxt_model="Dedicated - HA Cluster",3,1)), PRODUCT((IF(AND(sizing_w14_chosen="Included",sizing_w14_nsxt_model<>"Shared"),VLOOKUP(sizing_w14_nsxt_appliance_size,table_nsxt_manager_cpu,2,FALSE),0)),IF(sizing_w14_nsxt_model="Dedicated - HA Cluster",3,1)), PRODUCT((IF(AND(sizing_w15_chosen="Included",sizing_w15_nsxt_model<>"Shared"),VLOOKUP(sizing_w15_nsxt_appliance_size,table_nsxt_manager_cpu,2,FALSE),0)),IF(sizing_w15_nsxt_model="Dedicated - HA Cluster",3,1)), PRODUCT((IF(AND(sizing_w16_chosen="Included",sizing_w16_nsxt_model<>"Shared"),VLOOKUP(sizing_w16_nsxt_appliance_size,table_nsxt_manager_cpu,2,FALSE),0)),IF(sizing_w16_nsxt_model="Dedicated - HA Cluster",3,1)), PRODUCT((IF(AND(sizing_w17_chosen="Included",sizing_w17_nsxt_model<>"Shared"),VLOOKUP(sizing_w17_nsxt_appliance_size,table_nsxt_manager_cpu,2,FALSE),0)),IF(sizing_w17_nsxt_model="Dedicated - HA Cluster",3,1)), PRODUCT((IF(AND(sizing_w18_chosen="Included",sizing_w18_nsxt_model<>"Shared"),VLOOKUP(sizing_w18_nsxt_appliance_size,table_nsxt_manager_cpu,2,FALSE),0)),IF(sizing_w18_nsxt_model="Dedicated - HA Cluster",3,1)), PRODUCT((IF(AND(sizing_w19_chosen="Included",sizing_w19_nsxt_model<>"Shared"),VLOOKUP(sizing_w19_nsxt_appliance_size,table_nsxt_manager_cpu,2,FALSE),0)),IF(sizing_w19_nsxt_model="Dedicated - HA Cluster",3,1)), PRODUCT((IF(AND(sizing_w20_chosen="Included",sizing_w20_nsxt_model<>"Shared"),VLOOKUP(sizing_w20_nsxt_appliance_size,table_nsxt_manager_cpu,2,FALSE),0)),IF(sizing_w20_nsxt_model="Dedicated - HA Cluster",3,1)), PRODUCT((IF(AND(sizing_w21_chosen="Included",sizing_w21_nsxt_model<>"Shared"),VLOOKUP(sizing_w21_nsxt_appliance_size,table_nsxt_manager_cpu,2,FALSE),0)),IF(sizing_w21_nsxt_model="Dedicated - HA Cluster",3,1)), PRODUCT((IF(AND(sizing_w22_chosen="Included",sizing_w22_nsxt_model<>"Shared"),VLOOKUP(sizing_w22_nsxt_appliance_size,table_nsxt_manager_cpu,2,FALSE),0)),IF(sizing_w22_nsxt_model="Dedicated - HA Cluster",3,1)), PRODUCT((IF(AND(sizing_w23_chosen="Included",sizing_w23_nsxt_model<>"Shared"),VLOOKUP(sizing_w23_nsxt_appliance_size,table_nsxt_manager_cpu,2,FALSE),0)),IF(sizing_w23_nsxt_model="Dedicated - HA Cluster",3,1)), PRODUCT((IF(AND(sizing_w24_chosen="Included",sizing_w24_nsxt_model<>"Shared"),VLOOKUP(sizing_w24_nsxt_appliance_size,table_nsxt_manager_cpu,2,FALSE),0)),IF(sizing_w24_nsxt_model="Dedicated - HA Cluster",3,1)), PRODUCT((IF(AND(sizing_w25_chosen="Included",sizing_w25_nsxt_model<>"Shared"),VLOOKUP(sizing_w25_nsxt_appliance_size,table_nsxt_manager_cpu,2,FALSE),0)),IF(sizing_w25_nsxt_model="Dedicated - HA Cluster",3,1)), PRODUCT((IF(AND(sizing_w26_chosen="Included",sizing_w26_nsxt_model<>"Shared"),VLOOKUP(sizing_w26_nsxt_appliance_size,table_nsxt_manager_cpu,2,FALSE),0)),IF(sizing_w26_nsxt_model="Dedicated - HA Cluster",3,1)), PRODUCT((IF(AND(sizing_w27_chosen="Included",sizing_w27_nsxt_model<>"Shared"),VLOOKUP(sizing_w27_nsxt_appliance_size,table_nsxt_manager_cpu,2,FALSE),0)),IF(sizing_w27_nsxt_model="Dedicated - HA Cluster",3,1)), PRODUCT((IF(AND(sizing_w28_chosen="Included",sizing_w28_nsxt_model<>"Shared"),VLOOKUP(sizing_w28_nsxt_appliance_size,table_nsxt_manager_cpu,2,FALSE),0)),IF(sizing_w28_nsxt_model="Dedicated - HA Cluster",3,1)), PRODUCT((IF(AND(sizing_w29_chosen="Included",sizing_w29_nsxt_model<>"Shared"),VLOOKUP(sizing_w29_nsxt_appliance_size,table_nsxt_manager_cpu,2,FALSE),0)),IF(sizing_w29_nsxt_model="Dedicated - HA Cluster",3,1)), PRODUCT((IF(AND(sizing_w30_chosen="Included",sizing_w30_nsxt_model<>"Shared"),VLOOKUP(sizing_w30_nsxt_appliance_size,table_nsxt_manager_cpu,2,FALSE),0)),IF(sizing_w30_nsxt_model="Dedicated - HA Cluster",3,1)), PRODUCT((IF(AND(sizing_w31_chosen="Included",sizing_w31_nsxt_model<>"Shared"),VLOOKUP(sizing_w31_nsxt_appliance_size,table_nsxt_manager_cpu,2,FALSE),0)),IF(sizing_w31_nsxt_model="Dedicated - HA Cluster",3,1)), PRODUCT((IF(AND(sizing_w32_chosen="Included",sizing_w32_nsxt_model<>"Shared"),VLOOKUP(sizing_w32_nsxt_appliance_size,table_nsxt_manager_cpu,2,FALSE),0)),IF(sizing_w32_nsxt_model="Dedicated - HA Cluster",3,1)), PRODUCT((IF(AND(sizing_w33_chosen="Included",sizing_w33_nsxt_model<>"Shared"),VLOOKUP(sizing_w33_nsxt_appliance_size,table_nsxt_manager_cpu,2,FALSE),0)),IF(sizing_w33_nsxt_model="Dedicated - HA Cluster",3,1)), PRODUCT((IF(AND(sizing_w34_chosen="Included",sizing_w34_nsxt_model<>"Shared"),VLOOKUP(sizing_w34_nsxt_appliance_size,table_nsxt_manager_cpu,2,FALSE),0)),IF(sizing_w34_nsxt_model="Dedicated - HA Cluster",3,1)), PRODUCT((IF(AND(sizing_w35_chosen="Included",sizing_w35_nsxt_model<>"Shared"),VLOOKUP(sizing_w35_nsxt_appliance_size,table_nsxt_manager_cpu,2,FALSE),0)),IF(sizing_w35_nsxt_model="Dedicated - HA Cluster",3,1)), 'Static Reference Tables'!B664) -> 0 | L19: =SUM( PRODUCT((IF(AND(sizing_w01_chosen="Included",sizing_w01_nsxt_model<>"Shared"),VLOOKUP(sizing_w01_nsxt_appliance_size,table_nsxt_manager_ram,2,FALSE),0)),IF(sizing_w01_nsxt_model="Dedicated - HA Cluster",3,1)), PRODUCT((IF(AND(sizing_w02_chosen="Included",sizing_w02_nsxt_model<>"Shared"),VLOOKUP(sizing_w02_nsxt_appliance_size,table_nsxt_manager_ram,2,FALSE),0)),IF(sizing_w02_nsxt_model="Dedicated - HA Cluster",3,1)), PRODUCT((IF(AND(sizing_w03_chosen="Included",sizing_w03_nsxt_model<>"Shared"),VLOOKUP(sizing_w03_nsxt_appliance_size,table_nsxt_manager_ram,2,FALSE),0)),IF(sizing_w03_nsxt_model="Dedicated - HA Cluster",3,1)), PRODUCT((IF(AND(sizing_w04_chosen="Included",sizing_w04_nsxt_model<>"Shared"),VLOOKUP(sizing_w04_nsxt_appliance_size,table_nsxt_manager_ram,2,FALSE),0)),IF(sizing_w04_nsxt_model="Dedicated - HA Cluster",3,1)), PRODUCT((IF(AND(sizing_w05_chosen="Included",sizing_w05_nsxt_model<>"Shared"),VLOOKUP(sizing_w05_nsxt_appliance_size,table_nsxt_manager_ram,2,FALSE),0)),IF(sizing_w05_nsxt_model="Dedicated - HA Cluster",3,1)), PRODUCT((IF(AND(sizing_w06_chosen="Included",sizing_w06_nsxt_model<>"Shared"),VLOOKUP(sizing_w06_nsxt_appliance_size,table_nsxt_manager_ram,2,FALSE),0)),IF(sizing_w06_nsxt_model="Dedicated - HA Cluster",3,1)), PRODUCT((IF(AND(sizing_w07_chosen="Included",sizing_w07_nsxt_model<>"Shared"),VLOOKUP(sizing_w07_nsxt_appliance_size,table_nsxt_manager_ram,2,FALSE),0)),IF(sizing_w07_nsxt_model="Dedicated - HA Cluster",3,1)), PRODUCT((IF(AND(sizing_w08_chosen="Included",sizing_w08_nsxt_model<>"Shared"),VLOOKUP(sizing_w08_nsxt_appliance_size,table_nsxt_manager_ram,2,FALSE),0)),IF(sizing_w08_nsxt_model="Dedicated - HA Cluster",3,1)), PRODUCT((IF(AND(sizing_w09_chosen="Included",sizing_w09_nsxt_model<>"Shared"),VLOOKUP(sizing_w09_nsxt_appliance_size,table_nsxt_manager_ram,2,FALSE),0)),IF(sizing_w09_nsxt_model="Dedicated - HA Cluster",3,1)), PRODUCT((IF(AND(sizing_w10_chosen="Included",sizing_w10_nsxt_model<>"Shared"),VLOOKUP(sizing_w10_nsxt_appliance_size,table_nsxt_manager_ram,2,FALSE),0)),IF(sizing_w10_nsxt_model="Dedicated - HA Cluster",3,1)), PRODUCT((IF(AND(sizing_w11_chosen="Included",sizing_w11_nsxt_model<>"Shared"),VLOOKUP(sizing_w11_nsxt_appliance_size,table_nsxt_manager_ram,2,FALSE),0)),IF(sizing_w11_nsxt_model="Dedicated - HA Cluster",3,1)), PRODUCT((IF(AND(sizing_w12_chosen="Included",sizing_w12_nsxt_model<>"Shared"),VLOOKUP(sizing_w12_nsxt_appliance_size,table_nsxt_manager_ram,2,FALSE),0)),IF(sizing_w12_nsxt_model="Dedicated - HA Cluster",3,1)), PRODUCT((IF(AND(sizing_w13_chosen="Included",sizing_w13_nsxt_model<>"Shared"),VLOOKUP(sizing_w13_nsxt_appliance_size,table_nsxt_manager_ram,2,FALSE),0)),IF(sizing_w13_nsxt_model="Dedicated - HA Cluster",3,1)), PRODUCT((IF(AND(sizing_w14_chosen="Included",sizing_w14_nsxt_model<>"Shared"),VLOOKUP(sizing_w14_nsxt_appliance_size,table_nsxt_manager_ram,2,FALSE),0)),IF(sizing_w14_nsxt_model="Dedicated - HA Cluster",3,1)), PRODUCT((IF(AND(sizing_w15_chosen="Included",sizing_w15_nsxt_model<>"Shared"),VLOOKUP(sizing_w15_nsxt_appliance_size,table_nsxt_manager_ram,2,FALSE),0)),IF(sizing_w15_nsxt_model="Dedicated - HA Cluster",3,1)), PRODUCT((IF(AND(sizing_w16_chosen="Included",sizing_w16_nsxt_model<>"Shared"),VLOOKUP(sizing_w16_nsxt_appliance_size,table_nsxt_manager_ram,2,FALSE),0)),IF(sizing_w16_nsxt_model="Dedicated - HA Cluster",3,1)), PRODUCT((IF(AND(sizing_w17_chosen="Included",sizing_w17_nsxt_model<>"Shared"),VLOOKUP(sizing_w17_nsxt_appliance_size,table_nsxt_manager_ram,2,FALSE),0)),IF(sizing_w17_nsxt_model="Dedicated - HA Cluster",3,1)), PRODUCT((IF(AND(sizing_w18_chosen="Included",sizing_w18_nsxt_model<>"Shared"),VLOOKUP(sizing_w18_nsxt_appliance_size,table_nsxt_manager_ram,2,FALSE),0)),IF(sizing_w18_nsxt_model="Dedicated - HA Cluster",3,1)), PRODUCT((IF(AND(sizing_w19_chosen="Included",sizing_w19_nsxt_model<>"Shared"),VLOOKUP(sizing_w19_nsxt_appliance_size,table_nsxt_manager_ram,2,FALSE),0)),IF(sizing_w19_nsxt_model="Dedicated - HA Cluster",3,1)), PRODUCT((IF(AND(sizing_w20_chosen="Included",sizing_w20_nsxt_model<>"Shared"),VLOOKUP(sizing_w20_nsxt_appliance_size,table_nsxt_manager_ram,2,FALSE),0)),IF(sizing_w20_nsxt_model="Dedicated - HA Cluster",3,1)), PRODUCT((IF(AND(sizing_w21_chosen="Included",sizing_w21_nsxt_model<>"Shared"),VLOOKUP(sizing_w21_nsxt_appliance_size,table_nsxt_manager_ram,2,FALSE),0)),IF(sizing_w21_nsxt_model="Dedicated - HA Cluster",3,1)), PRODUCT((IF(AND(sizing_w22_chosen="Included",sizing_w22_nsxt_model<>"Shared"),VLOOKUP(sizing_w22_nsxt_appliance_size,table_nsxt_manager_ram,2,FALSE),0)),IF(sizing_w22_nsxt_model="Dedicated - HA Cluster",3,1)), PRODUCT((IF(AND(sizing_w23_chosen="Included",sizing_w23_nsxt_model<>"Shared"),VLOOKUP(sizing_w23_nsxt_appliance_size,table_nsxt_manager_ram,2,FALSE),0)),IF(sizing_w23_nsxt_model="Dedicated - HA Cluster",3,1)), PRODUCT((IF(AND(sizing_w24_chosen="Included",sizing_w24_nsxt_model<>"Shared"),VLOOKUP(sizing_w24_nsxt_appliance_size,table_nsxt_manager_ram,2,FALSE),0)),IF(sizing_w24_nsxt_model="Dedicated - HA Cluster",3,1)), PRODUCT((IF(AND(sizing_w25_chosen="Included",sizing_w25_nsxt_model<>"Shared"),VLOOKUP(sizing_w25_nsxt_appliance_size,table_nsxt_manager_ram,2,FALSE),0)),IF(sizing_w25_nsxt_model="Dedicated - HA Cluster",3,1)), PRODUCT((IF(AND(sizing_w26_chosen="Included",sizing_w26_nsxt_model<>"Shared"),VLOOKUP(sizing_w26_nsxt_appliance_size,table_nsxt_manager_ram,2,FALSE),0)),IF(sizing_w26_nsxt_model="Dedicated - HA Cluster",3,1)), PRODUCT((IF(AND(sizing_w27_chosen="Included",sizing_w27_nsxt_model<>"Shared"),VLOOKUP(sizing_w27_nsxt_appliance_size,table_nsxt_manager_ram,2,FALSE),0)),IF(sizing_w27_nsxt_model="Dedicated - HA Cluster",3,1)), PRODUCT((IF(AND(sizing_w28_chosen="Included",sizing_w28_nsxt_model<>"Shared"),VLOOKUP(sizing_w28_nsxt_appliance_size,table_nsxt_manager_ram,2,FALSE),0)),IF(sizing_w28_nsxt_model="Dedicated - HA Cluster",3,1)), PRODUCT((IF(AND(sizing_w29_chosen="Included",sizing_w29_nsxt_model<>"Shared"),VLOOKUP(sizing_w29_nsxt_appliance_size,table_nsxt_manager_ram,2,FALSE),0)),IF(sizing_w29_nsxt_model="Dedicated - HA Cluster",3,1)), PRODUCT((IF(AND(sizing_w30_chosen="Included",sizing_w30_nsxt_model<>"Shared"),VLOOKUP(sizing_w30_nsxt_appliance_size,table_nsxt_manager_ram,2,FALSE),0)),IF(sizing_w30_nsxt_model="Dedicated - HA Cluster",3,1)), PRODUCT((IF(AND(sizing_w31_chosen="Included",sizing_w31_nsxt_model<>"Shared"),VLOOKUP(sizing_w31_nsxt_appliance_size,table_nsxt_manager_ram,2,FALSE),0)),IF(sizing_w31_nsxt_model="Dedicated - HA Cluster",3,1)), PRODUCT((IF(AND(sizing_w32_chosen="Included",sizing_w32_nsxt_model<>"Shared"),VLOOKUP(sizing_w32_nsxt_appliance_size,table_nsxt_manager_ram,2,FALSE),0)),IF(sizing_w32_nsxt_model="Dedicated - HA Cluster",3,1)), PRODUCT((IF(AND(sizing_w33_chosen="Included",sizing_w33_nsxt_model<>"Shared"),VLOOKUP(sizing_w33_nsxt_appliance_size,table_nsxt_manager_ram,2,FALSE),0)),IF(sizing_w33_nsxt_model="Dedicated - HA Cluster",3,1)), PRODUCT((IF(AND(sizing_w34_chosen="Included",sizing_w34_nsxt_model<>"Shared"),VLOOKUP(sizing_w34_nsxt_appliance_size,table_nsxt_manager_ram,2,FALSE),0)),IF(sizing_w34_nsxt_model="Dedicated - HA Cluster",3,1)), PRODUCT((IF(AND(sizing_w35_chosen="Included",sizing_w35_nsxt_model<>"Shared"),VLOOKUP(sizing_w35_nsxt_appliance_size,table_nsxt_manager_ram,2,FALSE),0)),IF(sizing_w35_nsxt_model="Dedicated - HA Cluster",3,1)), 'Static Reference Tables'!B665) -> 0 | M19: =SUM( PRODUCT((IF(AND(sizing_w01_chosen="Included",sizing_w01_nsxt_model<>"Shared"),VLOOKUP(sizing_w01_nsxt_appliance_size,table_nsxt_manager_disk_gb,2,FALSE),0)),IF(sizing_w01_nsxt_model="Dedicated - HA Cluster",3,1)), PRODUCT((IF(AND(sizing_w02_chosen="Included",sizing_w02_nsxt_model<>"Shared"),VLOOKUP(sizing_w02_nsxt_appliance_size,table_nsxt_manager_disk_gb,2,FALSE),0)),IF(sizing_w02_nsxt_model="Dedicated - HA Cluster",3,1)), PRODUCT((IF(AND(sizing_w03_chosen="Included",sizing_w03_nsxt_model<>"Shared"),VLOOKUP(sizing_w03_nsxt_appliance_size,table_nsxt_manager_disk_gb,2,FALSE),0)),IF(sizing_w03_nsxt_model="Dedicated - HA Cluster",3,1)), PRODUCT((IF(AND(sizing_w04_chosen="Included",sizing_w04_nsxt_model<>"Shared"),VLOOKUP(sizing_w04_nsxt_appliance_size,table_nsxt_manager_disk_gb,2,FALSE),0)),IF(sizing_w04_nsxt_model="Dedicated - HA Cluster",3,1)), PRODUCT((IF(AND(sizing_w05_chosen="Included",sizing_w05_nsxt_model<>"Shared"),VLOOKUP(sizing_w05_nsxt_appliance_size,table_nsxt_manager_disk_gb,2,FALSE),0)),IF(sizing_w05_nsxt_model="Dedicated - HA Cluster",3,1)), PRODUCT((IF(AND(sizing_w06_chosen="Included",sizing_w06_nsxt_model<>"Shared"),VLOOKUP(sizing_w06_nsxt_appliance_size,table_nsxt_manager_disk_gb,2,FALSE),0)),IF(sizing_w06_nsxt_model="Dedicated - HA Cluster",3,1)), PRODUCT((IF(AND(sizing_w07_chosen="Included",sizing_w07_nsxt_model<>"Shared"),VLOOKUP(sizing_w07_nsxt_appliance_size,table_nsxt_manager_disk_gb,2,FALSE),0)),IF(sizing_w07_nsxt_model="Dedicated - HA Cluster",3,1)), PRODUCT((IF(AND(sizing_w08_chosen="Included",sizing_w08_nsxt_model<>"Shared"),VLOOKUP(sizing_w08_nsxt_appliance_size,table_nsxt_manager_disk_gb,2,FALSE),0)),IF(sizing_w08_nsxt_model="Dedicated - HA Cluster",3,1)), PRODUCT((IF(AND(sizing_w09_chosen="Included",sizing_w09_nsxt_model<>"Shared"),VLOOKUP(sizing_w09_nsxt_appliance_size,table_nsxt_manager_disk_gb,2,FALSE),0)),IF(sizing_w09_nsxt_model="Dedicated - HA Cluster",3,1)), PRODUCT((IF(AND(sizing_w10_chosen="Included",sizing_w10_nsxt_model<>"Shared"),VLOOKUP(sizing_w10_nsxt_appliance_size,table_nsxt_manager_disk_gb,2,FALSE),0)),IF(sizing_w10_nsxt_model="Dedicated - HA Cluster",3,1)), PRODUCT((IF(AND(sizing_w11_chosen="Included",sizing_w11_nsxt_model<>"Shared"),VLOOKUP(sizing_w11_nsxt_appliance_size,table_nsxt_manager_disk_gb,2,FALSE),0)),IF(sizing_w11_nsxt_model="Dedicated - HA Cluster",3,1)), PRODUCT((IF(AND(sizing_w12_chosen="Included",sizing_w12_nsxt_model<>"Shared"),VLOOKUP(sizing_w12_nsxt_appliance_size,table_nsxt_manager_disk_gb,2,FALSE),0)),IF(sizing_w12_nsxt_model="Dedicated - HA Cluster",3,1)), PRODUCT((IF(AND(sizing_w13_chosen="Included",sizing_w13_nsxt_model<>"Shared"),VLOOKUP(sizing_w13_nsxt_appliance_size,table_nsxt_manager_disk_gb,2,FALSE),0)),IF(sizing_w13_nsxt_model="Dedicated - HA Cluster",3,1)), PRODUCT((IF(AND(sizing_w14_chosen="Included",sizing_w14_nsxt_model<>"Shared"),VLOOKUP(sizing_w14_nsxt_appliance_size,table_nsxt_manager_disk_gb,2,FALSE),0)),IF(sizing_w14_nsxt_model="Dedicated - HA Cluster",3,1)), PRODUCT((IF(AND(sizing_w15_chosen="Included",sizing_w15_nsxt_model<>"Shared"),VLOOKUP(sizing_w15_nsxt_appliance_size,table_nsxt_manager_disk_gb,2,FALSE),0)),IF(sizing_w15_nsxt_model="Dedicated - HA Cluster",3,1)), PRODUCT((IF(AND(sizing_w16_chosen="Included",sizing_w16_nsxt_model<>"Shared"),VLOOKUP(sizing_w16_nsxt_appliance_size,table_nsxt_manager_disk_gb,2,FALSE),0)),IF(sizing_w16_nsxt_model="Dedicated - HA Cluster",3,1)), PRODUCT((IF(AND(sizing_w17_chosen="Included",sizing_w17_nsxt_model<>"Shared"),VLOOKUP(sizing_w17_nsxt_appliance_size,table_nsxt_manager_disk_gb,2,FALSE),0)),IF(sizing_w17_nsxt_model="Dedicated - HA Cluster",3,1)), PRODUCT((IF(AND(sizing_w18_chosen="Included",sizing_w18_nsxt_model<>"Shared"),VLOOKUP(sizing_w18_nsxt_appliance_size,table_nsxt_manager_disk_gb,2,FALSE),0)),IF(sizing_w18_nsxt_model="Dedicated - HA Cluster",3,1)), PRODUCT((IF(AND(sizing_w19_chosen="Included",sizing_w19_nsxt_model<>"Shared"),VLOOKUP(sizing_w19_nsxt_appliance_size,table_nsxt_manager_disk_gb,2,FALSE),0)),IF(sizing_w19_nsxt_model="Dedicated - HA Cluster",3,1)), PRODUCT((IF(AND(sizing_w20_chosen="Included",sizing_w20_nsxt_model<>"Shared"),VLOOKUP(sizing_w20_nsxt_appliance_size,table_nsxt_manager_disk_gb,2,FALSE),0)),IF(sizing_w20_nsxt_model="Dedicated - HA Cluster",3,1)), PRODUCT((IF(AND(sizing_w21_chosen="Included",sizing_w21_nsxt_model<>"Shared"),VLOOKUP(sizing_w21_nsxt_appliance_size,table_nsxt_manager_disk_gb,2,FALSE),0)),IF(sizing_w21_nsxt_model="Dedicated - HA Cluster",3,1)), PRODUCT((IF(AND(sizing_w22_chosen="Included",sizing_w22_nsxt_model<>"Shared"),VLOOKUP(sizing_w22_nsxt_appliance_size,table_nsxt_manager_disk_gb,2,FALSE),0)),IF(sizing_w22_nsxt_model="Dedicated - HA Cluster",3,1)), PRODUCT((IF(AND(sizing_w23_chosen="Included",sizing_w23_nsxt_model<>"Shared"),VLOOKUP(sizing_w23_nsxt_appliance_size,table_nsxt_manager_disk_gb,2,FALSE),0)),IF(sizing_w23_nsxt_model="Dedicated - HA Cluster",3,1)), PRODUCT((IF(AND(sizing_w24_chosen="Included",sizing_w24_nsxt_model<>"Shared"),VLOOKUP(sizing_w24_nsxt_appliance_size,table_nsxt_manager_disk_gb,2,FALSE),0)),IF(sizing_w24_nsxt_model="Dedicated - HA Cluster",3,1)), PRODUCT((IF(AND(sizing_w25_chosen="Included",sizing_w25_nsxt_model<>"Shared"),VLOOKUP(sizing_w25_nsxt_appliance_size,table_nsxt_manager_disk_gb,2,FALSE),0)),IF(sizing_w25_nsxt_model="Dedicated - HA Cluster",3,1)), PRODUCT((IF(AND(sizing_w26_chosen="Included",sizing_w26_nsxt_model<>"Shared"),VLOOKUP(sizing_w26_nsxt_appliance_size,table_nsxt_manager_disk_gb,2,FALSE),0)),IF(sizing_w26_nsxt_model="Dedicated - HA Cluster",3,1)), PRODUCT((IF(AND(sizing_w27_chosen="Included",sizing_w27_nsxt_model<>"Shared"),VLOOKUP(sizing_w27_nsxt_appliance_size,table_nsxt_manager_disk_gb,2,FALSE),0)),IF(sizing_w27_nsxt_model="Dedicated - HA Cluster",3,1)), PRODUCT((IF(AND(sizing_w28_chosen="Included",sizing_w28_nsxt_model<>"Shared"),VLOOKUP(sizing_w28_nsxt_appliance_size,table_nsxt_manager_disk_gb,2,FALSE),0)),IF(sizing_w28_nsxt_model="Dedicated - HA Cluster",3,1)), PRODUCT((IF(AND(sizing_w29_chosen="Included",sizing_w29_nsxt_model<>"Shared"),VLOOKUP(sizing_w29_nsxt_appliance_size,table_nsxt_manager_disk_gb,2,FALSE),0)),IF(sizing_w29_nsxt_model="Dedicated - HA Cluster",3,1)), PRODUCT((IF(AND(sizing_w30_chosen="Included",sizing_w30_nsxt_model<>"Shared"),VLOOKUP(sizing_w30_nsxt_appliance_size,table_nsxt_manager_disk_gb,2,FALSE),0)),IF(sizing_w30_nsxt_model="Dedicated - HA Cluster",3,1)), PRODUCT((IF(AND(sizing_w31_chosen="Included",sizing_w31_nsxt_model<>"Shared"),VLOOKUP(sizing_w31_nsxt_appliance_size,table_nsxt_manager_disk_gb,2,FALSE),0)),IF(sizing_w31_nsxt_model="Dedicated - HA Cluster",3,1)), PRODUCT((IF(AND(sizing_w32_chosen="Included",sizing_w32_nsxt_model<>"Shared"),VLOOKUP(sizing_w32_nsxt_appliance_size,table_nsxt_manager_disk_gb,2,FALSE),0)),IF(sizing_w32_nsxt_model="Dedicated - HA Cluster",3,1)), PRODUCT((IF(AND(sizing_w33_chosen="Included",sizing_w33_nsxt_model<>"Shared"),VLOOKUP(sizing_w33_nsxt_appliance_size,table_nsxt_manager_disk_gb,2,FALSE),0)),IF(sizing_w33_nsxt_model="Dedicated - HA Cluster",3,1)), PRODUCT((IF(AND(sizing_w34_chosen="Included",sizing_w34_nsxt_model<>"Shared"),VLOOKUP(sizing_w34_nsxt_appliance_size,table_nsxt_manager_disk_gb,2,FALSE),0)),IF(sizing_w34_nsxt_model="Dedicated - HA Cluster",3,1)), PRODUCT((IF(AND(sizing_w35_chosen="Included",sizing_w35_nsxt_model<>"Shared"),VLOOKUP(sizing_w35_nsxt_appliance_size,table_nsxt_manager_disk_gb,2,FALSE),0)),IF(sizing_w35_nsxt_model="Dedicated - HA Cluster",3,1)), 'Static Reference Tables'!B666) -> 0 | O19: Host Rebuild and Operations Reserve | R19: =ROUNDUP(R18*(1+(sizing_virtual_machine_overhead/100)),0) -> 14012
B20: Instance Model | E20: First Instance | G20: Workload Domain AVI Load Balancer | J20: =COUNTIF(U44:U78,"<>Excluded")*3 -> 0 | K20: =SUM( (IF(AND(sizing_w01_chosen="Included",sizing_w01_avi_appliance_size<>"Excluded"),VLOOKUP(sizing_w01_avi_appliance_size,table_avi_lb_cpu,2,FALSE),0))*3, (IF(AND(sizing_w02_chosen="Included",sizing_w02_avi_appliance_size<>"Excluded"),VLOOKUP(sizing_w02_avi_appliance_size,table_avi_lb_cpu,2,FALSE),0))*3, (IF(AND(sizing_w03_chosen="Included",sizing_w03_avi_appliance_size<>"Excluded"),VLOOKUP(sizing_w03_avi_appliance_size,table_avi_lb_cpu,2,FALSE),0))*3, (IF(AND(sizing_w04_chosen="Included",sizing_w04_avi_appliance_size<>"Excluded"),VLOOKUP(sizing_w04_avi_appliance_size,table_avi_lb_cpu,2,FALSE),0))*3, (IF(AND(sizing_w05_chosen="Included",sizing_w05_avi_appliance_size<>"Excluded"),VLOOKUP(sizing_w05_avi_appliance_size,table_avi_lb_cpu,2,FALSE),0))*3, (IF(AND(sizing_w06_chosen="Included",sizing_w06_avi_appliance_size<>"Excluded"),VLOOKUP(sizing_w06_avi_appliance_size,table_avi_lb_cpu,2,FALSE),0))*3, (IF(AND(sizing_w07_chosen="Included",sizing_w07_avi_appliance_size<>"Excluded"),VLOOKUP(sizing_w07_avi_appliance_size,table_avi_lb_cpu,2,FALSE),0))*3, (IF(AND(sizing_w08_chosen="Included",sizing_w08_avi_appliance_size<>"Excluded"),VLOOKUP(sizing_w08_avi_appliance_size,table_avi_lb_cpu,2,FALSE),0))*3, (IF(AND(sizing_w09_chosen="Included",sizing_w09_avi_appliance_size<>"Excluded"),VLOOKUP(sizing_w09_avi_appliance_size,table_avi_lb_cpu,2,FALSE),0))*3, (IF(AND(sizing_w10_chosen="Included",sizing_w10_avi_appliance_size<>"Excluded"),VLOOKUP(sizing_w10_avi_appliance_size,table_avi_lb_cpu,2,FALSE),0))*3, (IF(AND(sizing_w11_chosen="Included",sizing_w11_avi_appliance_size<>"Excluded"),VLOOKUP(sizing_w11_avi_appliance_size,table_avi_lb_cpu,2,FALSE),0))*3, (IF(AND(sizing_w12_chosen="Included",sizing_w12_avi_appliance_size<>"Excluded"),VLOOKUP(sizing_w12_avi_appliance_size,table_avi_lb_cpu,2,FALSE),0))*3, (IF(AND(sizing_w13_chosen="Included",sizing_w13_avi_appliance_size<>"Excluded"),VLOOKUP(sizing_w13_avi_appliance_size,table_avi_lb_cpu,2,FALSE),0))*3, (IF(AND(sizing_w14_chosen="Included",sizing_w14_avi_appliance_size<>"Excluded"),VLOOKUP(sizing_w14_avi_appliance_size,table_avi_lb_cpu,2,FALSE),0))*3, (IF(AND(sizing_w15_chosen="Included",sizing_w15_avi_appliance_size<>"Excluded"),VLOOKUP(sizing_w15_avi_appliance_size,table_avi_lb_cpu,2,FALSE),0))*3, (IF(AND(sizing_w16_chosen="Included",sizing_w16_avi_appliance_size<>"Excluded"),VLOOKUP(sizing_w16_avi_appliance_size,table_avi_lb_cpu,2,FALSE),0))*3, (IF(AND(sizing_w17_chosen="Included",sizing_w17_avi_appliance_size<>"Excluded"),VLOOKUP(sizing_w17_avi_appliance_size,table_avi_lb_cpu,2,FALSE),0))*3, (IF(AND(sizing_w18_chosen="Included",sizing_w18_avi_appliance_size<>"Excluded"),VLOOKUP(sizing_w18_avi_appliance_size,table_avi_lb_cpu,2,FALSE),0))*3, (IF(AND(sizing_w19_chosen="Included",sizing_w19_avi_appliance_size<>"Excluded"),VLOOKUP(sizing_w19_avi_appliance_size,table_avi_lb_cpu,2,FALSE),0))*3, (IF(AND(sizing_w20_chosen="Included",sizing_w20_avi_appliance_size<>"Excluded"),VLOOKUP(sizing_w20_avi_appliance_size,table_avi_lb_cpu,2,FALSE),0))*3, (IF(AND(sizing_w21_chosen="Included",sizing_w21_avi_appliance_size<>"Excluded"),VLOOKUP(sizing_w21_avi_appliance_size,table_avi_lb_cpu,2,FALSE),0))*3, (IF(AND(sizing_w22_chosen="Included",sizing_w22_avi_appliance_size<>"Excluded"),VLOOKUP(sizing_w22_avi_appliance_size,table_avi_lb_cpu,2,FALSE),0))*3, (IF(AND(sizing_w23_chosen="Included",sizing_w23_avi_appliance_size<>"Excluded"),VLOOKUP(sizing_w23_avi_appliance_size,table_avi_lb_cpu,2,FALSE),0))*3, (IF(AND(sizing_w24_chosen="Included",sizing_w24_avi_appliance_size<>"Excluded"),VLOOKUP(sizing_w24_avi_appliance_size,table_avi_lb_cpu,2,FALSE),0))*3, (IF(AND(sizing_w25_chosen="Included",sizing_w25_avi_appliance_size<>"Excluded"),VLOOKUP(sizing_w25_avi_appliance_size,table_avi_lb_cpu,2,FALSE),0))*3, (IF(AND(sizing_w26_chosen="Included",sizing_w26_avi_appliance_size<>"Excluded"),VLOOKUP(sizing_w26_avi_appliance_size,table_avi_lb_cpu,2,FALSE),0))*3, (IF(AND(sizing_w27_chosen="Included",sizing_w27_avi_appliance_size<>"Excluded"),VLOOKUP(sizing_w27_avi_appliance_size,table_avi_lb_cpu,2,FALSE),0))*3, (IF(AND(sizing_w28_chosen="Included",sizing_w28_avi_appliance_size<>"Excluded"),VLOOKUP(sizing_w28_avi_appliance_size,table_avi_lb_cpu,2,FALSE),0))*3, (IF(AND(sizing_w29_chosen="Included",sizing_w29_avi_appliance_size<>"Excluded"),VLOOKUP(sizing_w29_avi_appliance_size,table_avi_lb_cpu,2,FALSE),0))*3, (IF(AND(sizing_w30_chosen="Included",sizing_w30_avi_appliance_size<>"Excluded"),VLOOKUP(sizing_w30_avi_appliance_size,table_avi_lb_cpu,2,FALSE),0))*3, (IF(AND(sizing_w31_chosen="Included",sizing_w31_avi_appliance_size<>"Excluded"),VLOOKUP(sizing_w31_avi_appliance_size,table_avi_lb_cpu,2,FALSE),0))*3, (IF(AND(sizing_w32_chosen="Included",sizing_w32_avi_appliance_size<>"Excluded"),VLOOKUP(sizing_w32_avi_appliance_size,table_avi_lb_cpu,2,FALSE),0))*3, (IF(AND(sizing_w33_chosen="Included",sizing_w33_avi_appliance_size<>"Excluded"),VLOOKUP(sizing_w33_avi_appliance_size,table_avi_lb_cpu,2,FALSE),0))*3, (IF(AND(sizing_w34_chosen="Included",sizing_w34_avi_appliance_size<>"Excluded"),VLOOKUP(sizing_w34_avi_appliance_size,table_avi_lb_cpu,2,FALSE),0))*3, (IF(AND(sizing_w35_chosen="Included",sizing_w35_avi_appliance_size<>"Excluded"),VLOOKUP(sizing_w35_avi_appliance_size,table_avi_lb_cpu,2,FALSE),0))*3) -> 0 | L20: =SUM( (IF(AND(sizing_w01_chosen="Included",sizing_w01_avi_appliance_size<>"Excluded"),VLOOKUP(sizing_w01_avi_appliance_size,table_avi_lb_ram,2,FALSE),0))*3, (IF(AND(sizing_w02_chosen="Included",sizing_w02_avi_appliance_size<>"Excluded"),VLOOKUP(sizing_w02_avi_appliance_size,table_avi_lb_ram,2,FALSE),0))*3, (IF(AND(sizing_w03_chosen="Included",sizing_w03_avi_appliance_size<>"Excluded"),VLOOKUP(sizing_w03_avi_appliance_size,table_avi_lb_ram,2,FALSE),0))*3, (IF(AND(sizing_w04_chosen="Included",sizing_w04_avi_appliance_size<>"Excluded"),VLOOKUP(sizing_w04_avi_appliance_size,table_avi_lb_ram,2,FALSE),0))*3, (IF(AND(sizing_w05_chosen="Included",sizing_w05_avi_appliance_size<>"Excluded"),VLOOKUP(sizing_w05_avi_appliance_size,table_avi_lb_ram,2,FALSE),0))*3, (IF(AND(sizing_w06_chosen="Included",sizing_w06_avi_appliance_size<>"Excluded"),VLOOKUP(sizing_w06_avi_appliance_size,table_avi_lb_ram,2,FALSE),0))*3, (IF(AND(sizing_w07_chosen="Included",sizing_w07_avi_appliance_size<>"Excluded"),VLOOKUP(sizing_w07_avi_appliance_size,table_avi_lb_ram,2,FALSE),0))*3, (IF(AND(sizing_w08_chosen="Included",sizing_w08_avi_appliance_size<>"Excluded"),VLOOKUP(sizing_w08_avi_appliance_size,table_avi_lb_ram,2,FALSE),0))*3, (IF(AND(sizing_w09_chosen="Included",sizing_w09_avi_appliance_size<>"Excluded"),VLOOKUP(sizing_w09_avi_appliance_size,table_avi_lb_ram,2,FALSE),0))*3, (IF(AND(sizing_w10_chosen="Included",sizing_w10_avi_appliance_size<>"Excluded"),VLOOKUP(sizing_w10_avi_appliance_size,table_avi_lb_ram,2,FALSE),0))*3, (IF(AND(sizing_w11_chosen="Included",sizing_w11_avi_appliance_size<>"Excluded"),VLOOKUP(sizing_w11_avi_appliance_size,table_avi_lb_ram,2,FALSE),0))*3, (IF(AND(sizing_w12_chosen="Included",sizing_w12_avi_appliance_size<>"Excluded"),VLOOKUP(sizing_w12_avi_appliance_size,table_avi_lb_ram,2,FALSE),0))*3, (IF(AND(sizing_w13_chosen="Included",sizing_w13_avi_appliance_size<>"Excluded"),VLOOKUP(sizing_w13_avi_appliance_size,table_avi_lb_ram,2,FALSE),0))*3, (IF(AND(sizing_w14_chosen="Included",sizing_w14_avi_appliance_size<>"Excluded"),VLOOKUP(sizing_w14_avi_appliance_size,table_avi_lb_ram,2,FALSE),0))*3, (IF(AND(sizing_w15_chosen="Included",sizing_w15_avi_appliance_size<>"Excluded"),VLOOKUP(sizing_w15_avi_appliance_size,table_avi_lb_ram,2,FALSE),0))*3, (IF(AND(sizing_w16_chosen="Included",sizing_w16_avi_appliance_size<>"Excluded"),VLOOKUP(sizing_w16_avi_appliance_size,table_avi_lb_ram,2,FALSE),0))*3, (IF(AND(sizing_w17_chosen="Included",sizing_w17_avi_appliance_size<>"Excluded"),VLOOKUP(sizing_w17_avi_appliance_size,table_avi_lb_ram,2,FALSE),0))*3, (IF(AND(sizing_w18_chosen="Included",sizing_w18_avi_appliance_size<>"Excluded"),VLOOKUP(sizing_w18_avi_appliance_size,table_avi_lb_ram,2,FALSE),0))*3, (IF(AND(sizing_w19_chosen="Included",sizing_w19_avi_appliance_size<>"Excluded"),VLOOKUP(sizing_w19_avi_appliance_size,table_avi_lb_ram,2,FALSE),0))*3, (IF(AND(sizing_w20_chosen="Included",sizing_w20_avi_appliance_size<>"Excluded"),VLOOKUP(sizing_w20_avi_appliance_size,table_avi_lb_ram,2,FALSE),0))*3, (IF(AND(sizing_w21_chosen="Included",sizing_w21_avi_appliance_size<>"Excluded"),VLOOKUP(sizing_w21_avi_appliance_size,table_avi_lb_ram,2,FALSE),0))*3, (IF(AND(sizing_w22_chosen="Included",sizing_w22_avi_appliance_size<>"Excluded"),VLOOKUP(sizing_w22_avi_appliance_size,table_avi_lb_ram,2,FALSE),0))*3, (IF(AND(sizing_w23_chosen="Included",sizing_w23_avi_appliance_size<>"Excluded"),VLOOKUP(sizing_w23_avi_appliance_size,table_avi_lb_ram,2,FALSE),0))*3, (IF(AND(sizing_w24_chosen="Included",sizing_w24_avi_appliance_size<>"Excluded"),VLOOKUP(sizing_w24_avi_appliance_size,table_avi_lb_ram,2,FALSE),0))*3, (IF(AND(sizing_w25_chosen="Included",sizing_w25_avi_appliance_size<>"Excluded"),VLOOKUP(sizing_w25_avi_appliance_size,table_avi_lb_ram,2,FALSE),0))*3, (IF(AND(sizing_w26_chosen="Included",sizing_w26_avi_appliance_size<>"Excluded"),VLOOKUP(sizing_w26_avi_appliance_size,table_avi_lb_ram,2,FALSE),0))*3, (IF(AND(sizing_w27_chosen="Included",sizing_w27_avi_appliance_size<>"Excluded"),VLOOKUP(sizing_w27_avi_appliance_size,table_avi_lb_ram,2,FALSE),0))*3, (IF(AND(sizing_w28_chosen="Included",sizing_w28_avi_appliance_size<>"Excluded"),VLOOKUP(sizing_w28_avi_appliance_size,table_avi_lb_ram,2,FALSE),0))*3, (IF(AND(sizing_w29_chosen="Included",sizing_w29_avi_appliance_size<>"Excluded"),VLOOKUP(sizing_w29_avi_appliance_size,table_avi_lb_ram,2,FALSE),0))*3, (IF(AND(sizing_w30_chosen="Included",sizing_w30_avi_appliance_size<>"Excluded"),VLOOKUP(sizing_w30_avi_appliance_size,table_avi_lb_ram,2,FALSE),0))*3, (IF(AND(sizing_w31_chosen="Included",sizing_w31_avi_appliance_size<>"Excluded"),VLOOKUP(sizing_w31_avi_appliance_size,table_avi_lb_ram,2,FALSE),0))*3, (IF(AND(sizing_w32_chosen="Included",sizing_w32_avi_appliance_size<>"Excluded"),VLOOKUP(sizing_w32_avi_appliance_size,table_avi_lb_ram,2,FALSE),0))*3, (IF(AND(sizing_w33_chosen="Included",sizing_w33_avi_appliance_size<>"Excluded"),VLOOKUP(sizing_w33_avi_appliance_size,table_avi_lb_ram,2,FALSE),0))*3, (IF(AND(sizing_w34_chosen="Included",sizing_w34_avi_appliance_size<>"Excluded"),VLOOKUP(sizing_w34_avi_appliance_size,table_avi_lb_ram,2,FALSE),0))*3, (IF(AND(sizing_w35_chosen="Included",sizing_w35_avi_appliance_size<>"Excluded"),VLOOKUP(sizing_w35_avi_appliance_size,table_avi_lb_ram,2,FALSE),0))*3) -> 0 | M20: =SUM( (IF(AND(sizing_w01_chosen="Included",sizing_w01_avi_appliance_size<>"Excluded"),VLOOKUP(sizing_w01_avi_appliance_size,table_avi_lb_disk,2,FALSE),0))*3, (IF(AND(sizing_w02_chosen="Included",sizing_w02_avi_appliance_size<>"Excluded"),VLOOKUP(sizing_w02_avi_appliance_size,table_avi_lb_disk,2,FALSE),0))*3, (IF(AND(sizing_w03_chosen="Included",sizing_w03_avi_appliance_size<>"Excluded"),VLOOKUP(sizing_w03_avi_appliance_size,table_avi_lb_disk,2,FALSE),0))*3, (IF(AND(sizing_w04_chosen="Included",sizing_w04_avi_appliance_size<>"Excluded"),VLOOKUP(sizing_w04_avi_appliance_size,table_avi_lb_disk,2,FALSE),0))*3, (IF(AND(sizing_w05_chosen="Included",sizing_w05_avi_appliance_size<>"Excluded"),VLOOKUP(sizing_w05_avi_appliance_size,table_avi_lb_disk,2,FALSE),0))*3, (IF(AND(sizing_w06_chosen="Included",sizing_w06_avi_appliance_size<>"Excluded"),VLOOKUP(sizing_w06_avi_appliance_size,table_avi_lb_disk,2,FALSE),0))*3, (IF(AND(sizing_w07_chosen="Included",sizing_w07_avi_appliance_size<>"Excluded"),VLOOKUP(sizing_w07_avi_appliance_size,table_avi_lb_disk,2,FALSE),0))*3, (IF(AND(sizing_w08_chosen="Included",sizing_w08_avi_appliance_size<>"Excluded"),VLOOKUP(sizing_w08_avi_appliance_size,table_avi_lb_disk,2,FALSE),0))*3, (IF(AND(sizing_w09_chosen="Included",sizing_w09_avi_appliance_size<>"Excluded"),VLOOKUP(sizing_w09_avi_appliance_size,table_avi_lb_disk,2,FALSE),0))*3, (IF(AND(sizing_w10_chosen="Included",sizing_w10_avi_appliance_size<>"Excluded"),VLOOKUP(sizing_w10_avi_appliance_size,table_avi_lb_disk,2,FALSE),0))*3, (IF(AND(sizing_w11_chosen="Included",sizing_w11_avi_appliance_size<>"Excluded"),VLOOKUP(sizing_w11_avi_appliance_size,table_avi_lb_disk,2,FALSE),0))*3, (IF(AND(sizing_w12_chosen="Included",sizing_w12_avi_appliance_size<>"Excluded"),VLOOKUP(sizing_w12_avi_appliance_size,table_avi_lb_disk,2,FALSE),0))*3, (IF(AND(sizing_w13_chosen="Included",sizing_w13_avi_appliance_size<>"Excluded"),VLOOKUP(sizing_w13_avi_appliance_size,table_avi_lb_disk,2,FALSE),0))*3, (IF(AND(sizing_w14_chosen="Included",sizing_w14_avi_appliance_size<>"Excluded"),VLOOKUP(sizing_w14_avi_appliance_size,table_avi_lb_disk,2,FALSE),0))*3, (IF(AND(sizing_w15_chosen="Included",sizing_w15_avi_appliance_size<>"Excluded"),VLOOKUP(sizing_w15_avi_appliance_size,table_avi_lb_disk,2,FALSE),0))*3, (IF(AND(sizing_w16_chosen="Included",sizing_w16_avi_appliance_size<>"Excluded"),VLOOKUP(sizing_w16_avi_appliance_size,table_avi_lb_disk,2,FALSE),0))*3, (IF(AND(sizing_w17_chosen="Included",sizing_w17_avi_appliance_size<>"Excluded"),VLOOKUP(sizing_w17_avi_appliance_size,table_avi_lb_disk,2,FALSE),0))*3, (IF(AND(sizing_w18_chosen="Included",sizing_w18_avi_appliance_size<>"Excluded"),VLOOKUP(sizing_w18_avi_appliance_size,table_avi_lb_disk,2,FALSE),0))*3, (IF(AND(sizing_w19_chosen="Included",sizing_w19_avi_appliance_size<>"Excluded"),VLOOKUP(sizing_w19_avi_appliance_size,table_avi_lb_disk,2,FALSE),0))*3, (IF(AND(sizing_w20_chosen="Included",sizing_w20_avi_appliance_size<>"Excluded"),VLOOKUP(sizing_w20_avi_appliance_size,table_avi_lb_disk,2,FALSE),0))*3, (IF(AND(sizing_w21_chosen="Included",sizing_w21_avi_appliance_size<>"Excluded"),VLOOKUP(sizing_w21_avi_appliance_size,table_avi_lb_disk,2,FALSE),0))*3, (IF(AND(sizing_w22_chosen="Included",sizing_w22_avi_appliance_size<>"Excluded"),VLOOKUP(sizing_w22_avi_appliance_size,table_avi_lb_disk,2,FALSE),0))*3, (IF(AND(sizing_w23_chosen="Included",sizing_w23_avi_appliance_size<>"Excluded"),VLOOKUP(sizing_w23_avi_appliance_size,table_avi_lb_disk,2,FALSE),0))*3, (IF(AND(sizing_w24_chosen="Included",sizing_w24_avi_appliance_size<>"Excluded"),VLOOKUP(sizing_w24_avi_appliance_size,table_avi_lb_disk,2,FALSE),0))*3, (IF(AND(sizing_w25_chosen="Included",sizing_w25_avi_appliance_size<>"Excluded"),VLOOKUP(sizing_w25_avi_appliance_size,table_avi_lb_disk,2,FALSE),0))*3, (IF(AND(sizing_w26_chosen="Included",sizing_w26_avi_appliance_size<>"Excluded"),VLOOKUP(sizing_w26_avi_appliance_size,table_avi_lb_disk,2,FALSE),0))*3, (IF(AND(sizing_w27_chosen="Included",sizing_w27_avi_appliance_size<>"Excluded"),VLOOKUP(sizing_w27_avi_appliance_size,table_avi_lb_disk,2,FALSE),0))*3, (IF(AND(sizing_w28_chosen="Included",sizing_w28_avi_appliance_size<>"Excluded"),VLOOKUP(sizing_w28_avi_appliance_size,table_avi_lb_disk,2,FALSE),0))*3, (IF(AND(sizing_w29_chosen="Included",sizing_w29_avi_appliance_size<>"Excluded"),VLOOKUP(sizing_w29_avi_appliance_size,table_avi_lb_disk,2,FALSE),0))*3, (IF(AND(sizing_w30_chosen="Included",sizing_w30_avi_appliance_size<>"Excluded"),VLOOKUP(sizing_w30_avi_appliance_size,table_avi_lb_disk,2,FALSE),0))*3, (IF(AND(sizing_w31_chosen="Included",sizing_w31_avi_appliance_size<>"Excluded"),VLOOKUP(sizing_w31_avi_appliance_size,table_avi_lb_disk,2,FALSE),0))*3, (IF(AND(sizing_w32_chosen="Included",sizing_w32_avi_appliance_size<>"Excluded"),VLOOKUP(sizing_w32_avi_appliance_size,table_avi_lb_disk,2,FALSE),0))*3, (IF(AND(sizing_w33_chosen="Included",sizing_w33_avi_appliance_size<>"Excluded"),VLOOKUP(sizing_w33_avi_appliance_size,table_avi_lb_disk,2,FALSE),0))*3, (IF(AND(sizing_w34_chosen="Included",sizing_w34_avi_appliance_size<>"Excluded"),VLOOKUP(sizing_w34_avi_appliance_size,table_avi_lb_disk,2,FALSE),0))*3, (IF(AND(sizing_w35_chosen="Included",sizing_w35_avi_appliance_size<>"Excluded"),VLOOKUP(sizing_w35_avi_appliance_size,table_avi_lb_disk,2,FALSE),0))*3) -> 0 | O20: Estimated Growth | R20: =IF(OR((sizing_storage_type="FC"),(sizing_storage_type="NFS")),ROUNDUP(R17*(1+(sizing_estimated_growth/100)),0),ROUNDUP(R19*(1+(sizing_estimated_growth/100)),0)) -> 15414
B21: Availability model | E21: High Availability | G21: Workload Domain Security Services Platform | J21: {=SUM(_xlfn.MAP(X44:X78,I44:I78,_xlfn.SCAN(0,X44:X78,_xlfn.LAMBDA(_xlpm.a,_xlpm.v,_xlpm.a+(_xlpm.v="Include"))),_xlfn.LAMBDA(_xlpm.chosen,_xlpm.size,_xlpm.cnt,IF(_xlpm.chosen="Include",VLOOKUP(_xlpm.size,table_ssp_workers,2,FALSE)+VLOOKUP(_xlpm.size,table_ssp_controller,2,FALSE)))))} -> 0 | K21: {=SUM(_xlfn.MAP(X44:X78,I44:I78,_xlfn.SCAN(0,X44:X78,_xlfn.LAMBDA(_xlpm.a,_xlpm.v,_xlpm.a+(_xlpm.v="Include"))),_xlfn.LAMBDA(_xlpm.chosen,_xlpm.size,_xlpm.cnt,IF(_xlpm.chosen="Include",VLOOKUP(_xlpm.size,table_ssp_cpu,2,FALSE)))))} -> 0 | L21: {=SUM(_xlfn.MAP(X44:X78,I44:I78,_xlfn.SCAN(0,X44:X78,_xlfn.LAMBDA(_xlpm.a,_xlpm.v,_xlpm.a+(_xlpm.v="Include"))),_xlfn.LAMBDA(_xlpm.chosen,_xlpm.size,_xlpm.cnt,IF(_xlpm.chosen="Include",VLOOKUP(_xlpm.size,table_ssp_ram,2,FALSE)))))} -> 0 | M21: {=SUM(_xlfn.MAP(X44:X78,I44:I78,_xlfn.SCAN(0,X44:X78,_xlfn.LAMBDA(_xlpm.a,_xlpm.v,_xlpm.a+(_xlpm.v="Include"))),_xlfn.LAMBDA(_xlpm.chosen,_xlpm.size,_xlpm.cnt,IF(_xlpm.chosen="Include",VLOOKUP(_xlpm.size,table_ssp_disk,2,FALSE)))))} -> 0 | O21: Storage per Host (based on N-1 hosts) | R21: =CONCATENATE(ROUNDUP(R20/(calculated_mgmt_host_count-1),0)," GB Disk") -> 5138 GB Disk
B22: Size | E22: Small | G22: VCF services runtime control nodes | J22: =IF(sizing_vcf_deployment_model_chosen="Exclude","0",VLOOKUP(sizing_vcf_deployment_model_chosen,table_vcfms_control_nodes,2,FALSE)) -> 3 | K22: =IF(E22="Exclude","0",PRODUCT(J22,VLOOKUP(E22,table_vcfms_control_cpu,2,FALSE))) -> 12 | L22: =IF(E22="Exclude",0,PRODUCT(J22,VLOOKUP(E22,table_vcfms_control_ram,2,FALSE))) -> 30 | M22: =IF(E22="Exclude",0,PRODUCT(J22,VLOOKUP(E22,table_vcfms_control_disk,2,FALSE))) -> 300
B23: VCF Management Services | G23: VCF services runtime worker nodes | J23: =IF('Static Reference Tables'!D388>'Static Reference Tables'!D389,'Static Reference Tables'!D388,'Static Reference Tables'!D389) -> 3 | K23: =J23*VLOOKUP(CONCATENATE(sizing_vcf_instance_model,sizing_vcf_deployment_model_chosen,sizing_vcf_deployment_size_chosen),table_vcfms_worker_cpu,2,FALSE) -> 30 | L23: =J23*VLOOKUP(CONCATENATE(sizing_vcf_instance_model,sizing_vcf_deployment_model_chosen,sizing_vcf_deployment_size_chosen),table_vcfms_worker_ram,2,FALSE) -> 48 | M23: =IF(sizing_vcf_deployment_model_chosen="Exclude","0", SUM(VLOOKUP(CONCATENATE(sizing_vcf_instance_model,sizing_vcf_deployment_model_chosen,sizing_vcf_deployment_size_chosen),table_vcfms_worker_disk,2,FALSE),'Static Reference Tables'!E393:E396)) -> 2800 | O23: Advanced Management Domain Sizing
B24: VCF services runtime | E24: =IF(sizing_vcf_deployment_model_chosen<>"Exclude","Include","Exclude") -> Include | G24: VCF Operations | J24: =IF(AND(sizing_advanced_mgmt_chosen="Selected",sizing_advanced_vcfops_size_chosen="Exclude"),0, IF(AND(sizing_advanced_mgmt_chosen="Selected",sizing_advanced_vcfops_model_chosen="HA Cluster"),3, IF(AND(sizing_advanced_mgmt_chosen="Selected",sizing_advanced_vcfops_model_chosen="Single Node"),1, IF(OR(sizing_vcfops_ha_chosen="Include",sizing_vcfops_ca_chosen="Include"),IF(AND(sizing_vcf_deployment_model_chosen="High Availability",sizing_vcf_deployment_size_chosen="Small"),2,IF(sizing_vcf_deployment_model_chosen="High Availability",3,1)),0)))) -> 0 | K24: =IF(AND(sizing_advanced_mgmt_chosen="Selected",sizing_advanced_vcfops_size_chosen="Exclude"),0, IF(sizing_advanced_mgmt_chosen="Selected",PRODUCT(VLOOKUP(sizing_advanced_vcfops_size_chosen,table_vcfops_appliance_cpu,2,FALSE),J24), IF(sizing_vcf_deployment_model_chosen<>"Exclude", IF(AND(sizing_vcf_deployment_size_chosen="Small",sizing_vcf_deployment_model_chosen="High Availability"),PRODUCT(VLOOKUP("Small",table_vcfops_appliance_cpu,2,FALSE),J24), IF(AND(sizing_vcf_deployment_size_chosen="Medium",sizing_vcf_deployment_model_chosen="High Availability"),PRODUCT(VLOOKUP("Medium",table_vcfops_appliance_cpu,2,FALSE),J24), IF(AND(sizing_vcf_deployment_size_chosen="Large",sizing_vcf_deployment_model_chosen="High Availability"),PRODUCT(VLOOKUP("Large",table_vcfops_appliance_cpu,2,FALSE),J24), IF(sizing_vcf_deployment_size_chosen="Small",PRODUCT(VLOOKUP(E22,table_vcfops_appliance_cpu,2,FALSE),J24),0))))))) -> 0 | L24: =IF(AND(sizing_advanced_mgmt_chosen="Selected",sizing_advanced_vcfops_size_chosen="Exclude"),0, IF(sizing_advanced_mgmt_chosen="Selected",PRODUCT(VLOOKUP(sizing_advanced_vcfops_size_chosen,table_vcfops_appliance_ram,2,FALSE),J24), IF(sizing_vcf_deployment_model_chosen<>"Exclude", IF(AND(sizing_vcf_deployment_size_chosen="Small",sizing_vcf_deployment_model_chosen="High Availability"),PRODUCT(VLOOKUP("Small",table_vcfops_appliance_ram,2,FALSE),J24), IF(AND(sizing_vcf_deployment_size_chosen="Medium",sizing_vcf_deployment_model_chosen="High Availability"),PRODUCT(VLOOKUP("Medium",table_vcfops_appliance_ram,2,FALSE),J24), IF(AND(sizing_vcf_deployment_size_chosen="Large",sizing_vcf_deployment_model_chosen="High Availability"),PRODUCT(VLOOKUP("Large",table_vcfops_appliance_ram,2,FALSE),J24), IF(sizing_vcf_deployment_size_chosen="Small",PRODUCT(VLOOKUP(E22,table_vcfops_appliance_ram,2,FALSE),J24),0))))))) -> 0 | M24: =IF(AND(sizing_advanced_mgmt_chosen="Selected",sizing_advanced_vcfops_size_chosen="Exclude"),0, IF(sizing_advanced_mgmt_chosen="Selected",PRODUCT(VLOOKUP(sizing_advanced_vcfops_size_chosen,table_vcfops_appliance_disk,2,FALSE),J24), IF(sizing_vcf_deployment_model_chosen<>"Exclude", IF(AND(sizing_vcf_deployment_size_chosen="Small",sizing_vcf_deployment_model_chosen="High Availability"),PRODUCT(VLOOKUP("Medium",table_vcfops_appliance_disk,2,FALSE),J24), IF(AND(sizing_vcf_deployment_size_chosen="Medium",sizing_vcf_deployment_model_chosen="High Availability"),PRODUCT(VLOOKUP("Medium",table_vcfops_appliance_disk,2,FALSE),J24), IF(AND(sizing_vcf_deployment_size_chosen="Large",sizing_vcf_deployment_model_chosen="High Availability"),PRODUCT(VLOOKUP("Large",table_vcfops_appliance_disk,2,FALSE),J24), IF(sizing_vcf_deployment_size_chosen="Small",PRODUCT(VLOOKUP(E22,table_vcfops_appliance_disk,2,FALSE),J24),0))))))) -> 0 | O24: Advanced Management Domain Sizing | R24: Unselected
B25: Log Management | E25: Exclude | G25: Cloud Proxy | J25: =IF(AND(sizing_advanced_mgmt_chosen="Selected",sizing_advanced_vcfops_collector_chosen="Exclude"),0, IF(AND(sizing_advanced_mgmt_chosen="Selected",sizing_vcfops_ha_chosen<>"Exclude"),1, IF(sizing_vcfops_ha_chosen<>"Exclude",1, IF(sizing_vcfops_collector_chosen="Include",1,0)))) -> 0 | K25: =IF(AND(sizing_advanced_mgmt_chosen="Selected",sizing_advanced_vcfops_collector_chosen="Exclude"),0, IF(sizing_advanced_mgmt_chosen="Selected",VLOOKUP(sizing_advanced_vcfops_collector_chosen,table_vcfo_p_cpu,2,FALSE), IF(AND(OR(sizing_vcf_deployment_model_chosen="Simple",sizing_vcf_deployment_size_chosen="Small"),OR(sizing_vcfops_collector_chosen="Include",sizing_vcfops_ha_chosen<>"Exclude")),VLOOKUP(sizing_vcf_deployment_size_chosen,table_vcfo_p_cpu,2,FALSE), IF(AND(sizing_vcf_deployment_model_chosen="High Availability",OR(sizing_vcfops_collector_chosen="Include",sizing_vcfops_ha_chosen<>"Exclude")),VLOOKUP("Standard",table_vcfo_p_cpu,2,FALSE),0)))) -> 0 | L25: =IF(AND(sizing_advanced_mgmt_chosen="Selected",sizing_advanced_vcfops_collector_chosen="Exclude"),0, IF(sizing_advanced_mgmt_chosen="Selected",VLOOKUP(sizing_advanced_vcfops_collector_chosen,table_vcfo_p_ram,2,FALSE), IF(sizing_advanced_vcfops_collector_chosen<>"Exclude",VLOOKUP(sizing_advanced_vcfops_collector_chosen,table_vcfo_p_ram,2,FALSE), IF(AND(OR(sizing_vcf_deployment_model_chosen="Simple",sizing_vcf_deployment_size_chosen="Small"),OR(sizing_vcfops_collector_chosen="Include",sizing_vcfops_ha_chosen<>"Exclude")),VLOOKUP(sizing_vcf_deployment_size_chosen,table_vcfo_p_ram,2,FALSE), IF(AND(sizing_vcf_deployment_model_chosen="High Availability",OR(sizing_vcfops_collector_chosen="Include",sizing_vcfops_ha_chosen<>"Exclude")),VLOOKUP("Standard",table_vcfo_p_ram,2,FALSE),0))))) -> 0 | M25: =IF(AND(sizing_advanced_mgmt_chosen="Selected",sizing_advanced_vcfops_collector_chosen="Exclude"),0, IF(sizing_advanced_mgmt_chosen="Selected",VLOOKUP(sizing_advanced_vcfops_collector_chosen,table_vcfo_p_disk,2,FALSE), IF(sizing_advanced_vcfops_collector_chosen<>"Exclude",VLOOKUP(sizing_advanced_vcfops_collector_chosen,table_vcfo_p_disk,2,FALSE), IF(AND(OR(sizing_vcf_deployment_model_chosen="Simple",sizing_vcf_deployment_size_chosen="Small"),OR(sizing_vcfops_collector_chosen="Include",sizing_vcfops_ha_chosen<>"Exclude")),VLOOKUP(sizing_vcf_deployment_size_chosen,table_vcfo_p_disk,2,FALSE), IF(AND(sizing_vcf_deployment_model_chosen="High Availability",OR(sizing_vcfops_collector_chosen="Include",sizing_vcfops_ha_chosen<>"Exclude")),VLOOKUP("Standard",table_vcfo_p_disk,2,FALSE),0))))) -> 0 | O25: vCenter Appliance Size | R25: Medium
B26: Log Management Replicas | E26: Exclude | G26: License Server | J26: =IF(sizing_vcf_instance_model="Additional Instance",0,IF(AND(sizing_advanced_vcfops_model_chosen="Exclude",sizing_vcfops_ha_chosen="Exclude"),0,1)) -> 0 | K26: =PRODUCT(IF(sizing_vcf_instance_model="Additional Instance",0,IF(AND(sizing_advanced_vcfops_model_chosen="Exclude",sizing_vcfops_ha_chosen="Exclude"),0,2)),J26) -> 0 | L26: =PRODUCT(IF(sizing_vcf_instance_model="Additional Instance",0,IF(AND(sizing_advanced_vcfops_model_chosen="Exclude",sizing_vcfops_ha_chosen="Exclude"),0,4)),J26) -> 0 | M26: =PRODUCT(IF(sizing_vcf_instance_model="Additional Instance",0,IF(AND(sizing_advanced_vcfops_model_chosen="Exclude",sizing_vcfops_ha_chosen="Exclude"),0,12)),J26) -> 0 | O26: vCenter Storage Size | R26: Default
B27: Real-time metrics | E27: Exclude | G27: VCF Automation | J27: =IF(AND(sizing_advanced_mgmt_chosen="Selected",sizing_advanced_vcfauto_chosen="Large"),3, IF(AND(sizing_advanced_mgmt_chosen="Selected",sizing_advanced_vcfauto_chosen="Medium"),3, IF(AND(sizing_advanced_mgmt_chosen="Selected",sizing_advanced_vcfauto_chosen="Small"),1, IF(AND(sizing_advanced_mgmt_chosen="Selected",sizing_advanced_vcfauto_chosen="Exclude"),0, IF(AND(sizing_vcfauto_chosen="Include",AND(sizing_vcf_deployment_model_chosen="High Availability",sizing_vcf_deployment_size_chosen<>"Small")),3, IF(AND(sizing_vcfauto_chosen="Include",OR(sizing_vcf_deployment_model_chosen="Simple",sizing_vcf_deployment_size_chosen="Small")),1,0)))))) -> 0 | K27: =IF(AND(sizing_advanced_mgmt_chosen="Selected",sizing_advanced_vcfauto_chosen<>"Exclude"),PRODUCT(VLOOKUP(sizing_advanced_vcfauto_chosen,table_vcfa_appliance_cpu,2,FALSE),J27), IF(sizing_vcf_deployment_model_chosen="Exclude",0,PRODUCT(VLOOKUP(sizing_vcf_deployment_size_chosen,table_vcfa_appliance_cpu,2,FALSE),J27))) -> 0 | L27: =IF(AND(sizing_advanced_mgmt_chosen="Selected",sizing_advanced_vcfauto_chosen<>"Exclude"),PRODUCT(VLOOKUP(sizing_advanced_vcfauto_chosen,table_vcfa_appliance_ram,2,FALSE),J27), IF(sizing_vcf_deployment_model_chosen="Exclude",0,PRODUCT(VLOOKUP(sizing_vcf_deployment_size_chosen,table_vcfa_appliance_ram,2,FALSE),J27))) -> 0 | M27: =IF(AND(sizing_advanced_mgmt_chosen="Selected",sizing_advanced_vcfauto_chosen<>"Exclude"),PRODUCT(VLOOKUP(sizing_advanced_vcfauto_chosen,table_vcfa_appliance_disk,2,FALSE),J27), IF(sizing_vcf_deployment_model_chosen="Exclude",0,PRODUCT(VLOOKUP(sizing_vcf_deployment_size_chosen,table_vcfa_appliance_disk,2,FALSE),J27))) -> 0 | O27: NSX Manager Model | R27: Mandatory - HA Cluster
B28: Software Depot (Additional Instance) | E28: Exclude | G28: VCF Operations for networks | J28: =IF(sizing_vcfops_net_chosen="Exclude",0, IF(sizing_vcf_instance_model="Additional Instance",0,1)) -> 0 | K28: =IF(sizing_vcfops_net_chosen="Exclude",0,PRODUCT(VLOOKUP(sizing_vcfops_net_chosen,table_vcfopsnet_appliance_cpu,2,),J28)) -> 0 | L28: =IF(sizing_vcfops_net_chosen="Exclude",0,PRODUCT(VLOOKUP(sizing_vcfops_net_chosen,table_vcfopsnet_appliance_ram,2,),J28)) -> 0 | M28: =IF(sizing_vcfops_net_chosen="Exclude",0,PRODUCT(VLOOKUP(sizing_vcfops_net_chosen,table_vcfopsnet_appliance_disk,2,),J28)) -> 0 | O28: NSX Manager Size | R28: Medium
B29: Identity Broker (Additional Instance) | E29: Exclude | G29: VCF Operations for networks collector | J29: =IF(sizing_vcfops_net_chosen="Exclude",0,1) -> 0 | K29: =IF(sizing_vcfops_net_chosen="Exclude",0,PRODUCT(VLOOKUP(sizing_vcfops_net_chosen,table_vcfopsnet_collector_cpu,2,),J29)) -> 0 | L29: =IF(sizing_vcfops_net_chosen="Exclude",0,PRODUCT(VLOOKUP(sizing_vcfops_net_chosen,table_vcfopsnet_collector_ram,2,),J29)) -> 0 | M29: =IF(sizing_vcfops_net_chosen="Exclude",0,PRODUCT(VLOOKUP(sizing_vcfops_net_chosen,table_vcfopsnet_collector_disk,2,),J29)) -> 0 | O29: VCF Operations Model | R29: Exclude
B30: VCF Fleet Components | G30: Protection Blueprint Requirements | J30: =G92 -> 0 | K30: =(SUMPRODUCT('Management Domain Sizing'!$G$88:$G$91,'Management Domain Sizing'!H88:H91)) -> 0 | L30: =(SUMPRODUCT('Management Domain Sizing'!$G$88:$G$91,'Management Domain Sizing'!I88:I91)) -> 0 | M30: =(SUMPRODUCT('Management Domain Sizing'!$G$88:$G$91,'Management Domain Sizing'!J88:J91)) -> 0 | O30: VCF Operations Size | R30: Exclude
B31: VCF Operations | E31: Exclude | G31: Customer Workload | J31: 0 | K31: 0 | L31: 0 | M31: 0 | O31: Cloud Proxy | R31: Exclude
B32: VCF Operations Continous Availability | E32: Exclude | G32: Totals | J32: =SUM(J8:J29,J30:J31) -> 11 | K32: =CONCATENATE(SUM(K8:K29:K30:K31)," vCPUs") -> 68 vCPUs | L32: =CONCATENATE(SUM(L8:L29,L30:L31)," GB") -> 187 GB | M32: =CONCATENATE(SUM(M8:M31), " GB") -> 6998 GB | O32: VCF Automation | R32: Exclude
B33: Cloud Proxy | E33: Exclude | O33: =IF(sizing_advanced_mgmt_chosen="Selected","When using Advanced MGMT Domain sizing you must use API during Deployment","")
B34: VCF Automation | E34: Exclude | O34: =IF(AND((sizing_vcf_deployment_model_chosen="Simple"),(sizing_vcf_deployment_size_chosen<>"Small")),"Simple Deployment Model can only be deployed with Size Small","")
B35: VCF Operations for networks | E35: Exclude | G35: =IF(AND((sizing_vcf_instance_model="Additional Instance"),(sizing_vcfops_ha_chosen="Include")),"VCF Operations should not be included in the additional instance","") | O35: =IF(AND((sizing_vcfops_logs_chosen<>"Exclude"),(sizing_vcfops_logs_replica_count_chosen="Exclude")),"Select number of Replicas for Log Managment", IF(AND((sizing_vcfops_logs_chosen="Medium"),(sizing_vcfops_logs_replica_count_chosen<3)),"Min Number of Replicas for Size Medium is 3", IF(AND((sizing_vcfops_logs_chosen="Large"),(sizing_vcfops_logs_replica_count_chosen<3)),"Min Number of Replicas for Size Large is 3", IF(AND((sizing_vcf_deployment_size_chosen="Small"),OR(sizing_vcfops_logs_chosen="Large",sizing_vcfops_logs_chosen="Medium")),"The Log Management size should be the same size as the selected VCF Profile size", IF(AND((sizing_vcf_deployment_size_chosen="Medium"),(sizing_vcfops_logs_chosen="Large")),"The Log Management size should be the same or smaller than the selected VCF Profile size","")))))
B36: License Hub for vDefend and Avi | E36: Exclude | G36: =IF(sizing_vdefend_licensing_hub_chosen="Include","", IF(AND(COUNTIF(X44:X77,"<>Excluded")=0,COUNTIF(U44:U77,"<>Excluded")=0), IF(AND(sizing_m01_ssp_chosen="Excluded",sizing_mgmt_avi_lb_appliance_size="Excluded"),"","License Hub for vDefend and Avi is required if deploying Avi Load Balancers or Security Service Platform"),"License Hub for vDefend and Avi is required if deploying Avi Load Balancers or Security Service Platform")) | O36: =IF(AND((sizing_vcf_instance_model="Additional Instance"),(sizing_vcfauto_chosen="Include")),"VCF Automation should not be included in the additional instance","")
B38: Management Domain
B39: Domain | C39: Select | D39: vCenter CPUs : RAM | F39: vCenter Disk | H39: NSX Model | I39: NSX LM CPU : RAM : Disk | L39: NSX Connectivity CPU : RAM : Disk | O39: Supervisor Control Plane | Q39: NSX GM CPU : RAM : Disk | S39: Avi LB CPU : RAM : Disk | W39: Security Services Platform CPU : RAM : Disk | Z39: Notes
B40: m01 | C40: Included | D40: =IF(sizing_advanced_mgmt_chosen="Selected",sizing_advanced_m01_vcenter_appliance_size,IF(sizing_vcf_deployment_model_chosen="Exclude","Excluded", IF(sizing_vcf_deployment_model_chosen="Simple","Small", IF(AND(sizing_vcf_deployment_model_chosen="High Availability",sizing_vcf_deployment_size_chosen="Small"),"Small", IF(AND(sizing_vcf_deployment_model_chosen="High Availability",sizing_vcf_deployment_size_chosen="Medium"),"Medium", IF(AND(sizing_vcf_deployment_model_chosen="High Availability",sizing_vcf_deployment_size_chosen="Large"),"Large")))))) -> Small | E40: =CONCATENATE(IF(sizing_m01_included="Included",VLOOKUP(D40,table_vcenter_appliance_cpu,2,FALSE),0)," CPUS ",": ",IF(sizing_m01_included="Included",VLOOKUP(D40,table_vcenter_appliance_ram,2,FALSE),0)," GB") -> 4 CPUS : 21 GB | F40: =IF(sizing_advanced_mgmt_chosen="Selected",sizing_advanced_m01_vcenter_storage_size_chosen,IF(sizing_vcf_deployment_model_chosen="Simple","Large", IF(AND(sizing_vcf_deployment_model_chosen="High Availability",sizing_vcf_deployment_size_chosen="Small"),"Large", IF(AND(sizing_vcf_deployment_model_chosen="High Availability",sizing_vcf_deployment_size_chosen="Medium"),"Large", IF(AND(sizing_vcf_deployment_model_chosen="High Availability",sizing_vcf_deployment_size_chosen="Large"),"XLarge"))))) -> Large | G40: =CONCATENATE(IF(sizing_m01_included="Included",VLOOKUP(CONCATENATE(D40,F40),table_vcenter_disk_gb,2,FALSE),0)," GB") -> 2084 GB | H40: =IF(sizing_advanced_mgmt_chosen="Selected",sizing_advanced_m01_nsxt_model,IF(sizing_vcf_deployment_model_chosen="Simple","Mandatory - Single Node","Mandatory - HA Cluster")) -> Mandatory - HA Cluster | I40: =IF(sizing_advanced_mgmt_chosen="Selected",sizing_advanced_m01_nsxt_appliance_size,IF(sizing_vcf_deployment_model_chosen="Simple","Medium", IF(AND(sizing_vcf_deployment_model_chosen="High Availability",sizing_vcf_deployment_size_chosen="Medium"),"Medium", IF(AND(sizing_vcf_deployment_model_chosen="High Availability",sizing_vcf_deployment_size_chosen="Large"),"Large","Medium")))) -> Medium | J40: =CONCATENATE(IF(AND(sizing_m01_included="Included",mgmt_nsxt_appliance_size_chosen<>"Shared"), VLOOKUP(sizing_m01_nsxt_appliance_size,table_nsxt_manager_cpu,2,FALSE),0), " CPUS : ",IF(AND(sizing_m01_included="Included",mgmt_nsxt_appliance_size_chosen<>"Shared"), VLOOKUP(sizing_m01_nsxt_appliance_size,table_nsxt_manager_ram,2,FALSE),0)," GB : ",IF(AND(sizing_m01_included="Included",mgmt_nsxt_appliance_size_chosen<>"Shared"), VLOOKUP(sizing_m01_nsxt_appliance_size,table_nsxt_manager_disk_gb,2,FALSE),0)," GB") -> 6 CPUS : 24 GB : 300 GB | L40: Excluded | M40: =IF(sizing_m01_nsxt_edge_size="Excluded","0 GB : 0 RAM : 0 GB",(CONCATENATE(IF(sizing_m01_included="Included",VLOOKUP(sizing_m01_nsxt_edge_size,table_nsxt_edge_cpu,2,FALSE),0)," CPUs : ",IF(sizing_m01_included="Included",VLOOKUP(sizing_m01_nsxt_edge_size,table_nsxt_edge_ram,2,FALSE),0)," GB: ",IF(sizing_m01_included="Included",VLOOKUP(sizing_m01_nsxt_edge_size,table_nsxt_edge_disk_gb,2,FALSE),0)," GB "))) -> 0 GB : 0 RAM : 0 GB | O40: Excluded | P40: Medium | Q40: Excluded | R40: =CONCATENATE(IF(sizing_m01_nsxt_gm_appliance_size<>"Excluded",VLOOKUP(sizing_m01_nsxt_gm_appliance_size,table_nsxt_manager_cpu,2,FALSE),0)," CPU : ",IF(sizing_m01_nsxt_gm_appliance_size<>"Excluded",VLOOKUP(sizing_m01_nsxt_gm_appliance_size,table_nsxt_manager_ram,2,FALSE),0)," GB : ",IF(sizing_m01_nsxt_gm_appliance_size<>"Excluded",VLOOKUP(sizing_m01_nsxt_gm_appliance_size,table_nsxt_manager_disk_gb,2,FALSE),0)," GB") -> 0 CPU : 0 GB : 0 GB | S40: Excluded | T40: =IF(sizing_mgmt_avi_lb_appliance_size="Exclude","0 GB : 0 RAM : 0 GB",CONCATENATE(IF(AND(sizing_m01_included="Included",sizing_mgmt_avi_lb_appliance_size<>"Excluded"),VLOOKUP(sizing_mgmt_avi_lb_appliance_size,table_avi_lb_cpu,2,FALSE),0)," CPUs : ",IF(AND(sizing_m01_included="Included",sizing_mgmt_avi_lb_appliance_size<>"Excluded"),VLOOKUP(sizing_mgmt_avi_lb_appliance_size,table_avi_lb_ram,2,FALSE),0)," GB : ",IF(AND(sizing_m01_included="Included",sizing_mgmt_avi_lb_appliance_size<>"Excluded"),VLOOKUP(sizing_mgmt_avi_lb_appliance_size,table_avi_lb_disk,2,FALSE),0)," GB")) -> 0 CPUs : 0 GB : 0 GB | W40: Excluded | X40: =CONCATENATE(IF(sizing_m01_ssp_chosen<>"Excluded",VLOOKUP(sizing_m01_nsxt_appliance_size,table_ssp_cpu,2,FALSE),0)," CPUs : ", IF(sizing_m01_ssp_chosen<>"Excluded",VLOOKUP(sizing_m01_nsxt_appliance_size,table_ssp_ram,2,FALSE),0), " GB : ", IF(sizing_m01_ssp_chosen<>"Excluded",VLOOKUP(sizing_m01_nsxt_appliance_size,table_ssp_disk,2,FALSE),0)," GB") -> 0 CPUs : 0 GB : 0 GB | Z40: =IF(sizing_m01_included="Included",CONCATENATE("vCenter ",VLOOKUP(sizing_m01_vcenter_appliance_size,vcenter_sizing_limits,2,FALSE)," | NSX ",VLOOKUP(sizing_m01_nsxt_appliance_size,nsx_sizing_limits,2,FALSE)),"") -> vCenter 100 Hosts 1000 VMs | NSX 128 Hosts - 5 vSphere Clusters
B42: Workload Domains
B43: Domain | C43: Select | D43: vCenter CPUs : RAM | F43: vCenter Disk | H43: NSX Model | I43: NSX LM CPU : RAM : Disk | L43: Federation | M43: NSX GM CPU : RAM : Disk | R43: Site Protection DR CPU : RAM : Disk | U43: Avi LB CPU : RAM : Disk | X43: SSP CPU : RAM : Disk | Z43: Notes
B44: w01 | C44: Excluded | D44: Medium | E44: =CONCATENATE(IF(sizing_w01_chosen="Included",VLOOKUP(sizing_w01_vcenter_appliance_size,table_vcenter_appliance_cpu,2,FALSE),0)," CPUs ",": ",IF(sizing_w01_chosen="Included",VLOOKUP(sizing_w01_vcenter_appliance_size,table_vcenter_appliance_ram,2,FALSE),0)," GB") -> 0 CPUs : 0 GB | F44: Default | G44: =CONCATENATE(IF(sizing_w01_chosen="Included",VLOOKUP(CONCATENATE(sizing_w01_vcenter_appliance_size,sizing_w01_vcenter_storage_size),table_vcenter_disk_gb,2,FALSE),0)," GB") -> 0 GB | H44: Dedicated - HA Cluster | I44: Large | J44: =CONCATENATE(IF(sizing_w01_chosen="Included",VLOOKUP(sizing_w01_nsxt_appliance_size,table_nsxt_manager_cpu,2,FALSE),0)," CPUs : ",IF(sizing_w01_chosen="Included",VLOOKUP(sizing_w01_nsxt_appliance_size,table_nsxt_manager_ram,2,FALSE),0), " GB : ",IF(sizing_w01_chosen="Included",VLOOKUP(sizing_w01_nsxt_appliance_size,table_nsxt_manager_disk_gb,2,FALSE),0)," GB") -> 0 CPUs : 0 GB : 0 GB | L44: Excluded | M44: Medium | N44: =CONCATENATE(IF(AND(sizing_w01_gm_chosen<>"Excluded",sizing_w01_gm_chosen<>"Connect Instance"),VLOOKUP(sizing_w01_nsxt_gm_appliance_size,table_nsxt_manager_cpu,2,FALSE),0)," CPUs : ",IF(AND(sizing_w01_gm_chosen<>"Excluded",sizing_w01_gm_chosen<>"Connect Instance"),VLOOKUP(sizing_w01_nsxt_gm_appliance_size,table_nsxt_manager_ram,2,FALSE),0)," GB : ",IF(AND(sizing_w01_gm_chosen<>"Excluded",sizing_w01_gm_chosen<>"Connect Instance"),VLOOKUP(sizing_w01_nsxt_gm_appliance_size,table_nsxt_manager_disk_gb,2,FALSE),0)," GB") -> 0 CPUs : 0 GB : 0 GB | R44: Exclude | S44: =(CONCATENATE(IF(AND(sizing_w01_chosen="Included",sizing_w01_spr_chosen="Include"),VLOOKUP(input_wld_srm_vm_size,table_srm_cpu,2,FALSE),0)," CPUs :",IF(AND(sizing_w01_chosen="Included",sizing_w01_spr_chosen="Include"),VLOOKUP(input_wld_srm_vm_size,table_srm_ram,2,FALSE),0)," GB : ",IF(AND(sizing_w01_chosen="Included",sizing_w01_spr_chosen="Include"),VLOOKUP(input_wld_srm_vm_size,table_srm_disk,2,FALSE),0)," GB")) -> 0 CPUs :0 GB : 0 GB | U44: Excluded | V44: =CONCATENATE(IF(AND(sizing_w01_chosen="Included",sizing_w01_avi_appliance_size<>"Excluded"),VLOOKUP(sizing_w01_avi_appliance_size,table_avi_lb_cpu,2,FALSE),0), " CPUs : ",IF(AND(sizing_w01_chosen="Included",sizing_w01_avi_appliance_size<>"Excluded"),VLOOKUP(sizing_w01_avi_appliance_size,table_avi_lb_ram,2,FALSE),0), " GB : ",IF(AND(sizing_w01_chosen="Included",sizing_w01_avi_appliance_size<>"Excluded"),VLOOKUP(sizing_w01_avi_appliance_size,table_avi_lb_disk,2,FALSE),0)," GB") -> 0 CPUs : 0 GB : 0 GB | X44: Excluded | Y44: =CONCATENATE( IF(AND(sizing_w01_ssp_chosen<>"Excluded",sizing_w01_ssp_chosen<>"Deployed in WLD"),VLOOKUP(sizing_w01_nsxt_appliance_size,table_ssp_cpu,2,FALSE),0)," CPUs : ", IF(AND(sizing_w01_ssp_chosen<>"Excluded",sizing_w01_ssp_chosen<>"Deployed in WLD"),VLOOKUP(sizing_w01_nsxt_appliance_size,table_ssp_ram,2,FALSE),0), " GB : ", IF(AND(sizing_w01_ssp_chosen<>"Excluded",sizing_w01_ssp_chosen<>"Deployed in WLD"),VLOOKUP(sizing_w01_nsxt_appliance_size,table_ssp_disk,2,FALSE),0)," GB") -> 0 CPUs : 0 GB : 0 GB | Z44: =IF(sizing_w01_chosen="Included",CONCATENATE("vCenter:",VLOOKUP(sizing_w01_vcenter_appliance_size,vcenter_sizing_limits,2,FALSE)," | NSX LM ",VLOOKUP(sizing_w01_nsxt_appliance_size,nsx_sizing_limits,2,FALSE)),"")
B45: w02 | C45: Excluded | D45: Medium | E45: =CONCATENATE(IF(sizing_w02_chosen="Included",VLOOKUP(sizing_w02_vcenter_appliance_size,table_vcenter_appliance_cpu,2,FALSE),0)," CPUs ",": ",IF(sizing_w02_chosen="Included",VLOOKUP(sizing_w02_vcenter_appliance_size,table_vcenter_appliance_ram,2,FALSE),0)," GB") -> 0 CPUs : 0 GB | F45: Default | G45: =CONCATENATE(IF(sizing_w02_chosen="Included",VLOOKUP(CONCATENATE(sizing_w02_vcenter_appliance_size,sizing_w02_vcenter_storage_size),table_vcenter_disk_gb,2,FALSE),0)," GB") -> 0 GB | H45: Dedicated - HA Cluster | I45: Large | J45: =CONCATENATE(IF(AND(sizing_w02_chosen="Included",sizing_w02_nsxt_model<>"Shared"),VLOOKUP(sizing_w02_nsxt_appliance_size,table_nsxt_manager_cpu,2,FALSE),0)," CPUs : ",IF(AND(sizing_w02_chosen="Included",sizing_w02_nsxt_model<>"Shared"),VLOOKUP(sizing_w02_nsxt_appliance_size,table_nsxt_manager_ram,2,FALSE),0), " GB : ",IF(AND(sizing_w02_chosen="Included",sizing_w02_nsxt_model<>"Shared"),VLOOKUP(sizing_w02_nsxt_appliance_size,table_nsxt_manager_disk_gb,2,FALSE),0)," GB") -> 0 CPUs : 0 GB : 0 GB | L45: Excluded | M45: Medium | N45: =CONCATENATE(IF(AND(sizing_w02_gm_chosen<>"Excluded",sizing_w02_gm_chosen<>"Connect Instance"),VLOOKUP(sizing_w02_nsxt_gm_appliance_size,table_nsxt_manager_cpu,2,FALSE),0)," CPUs : ",IF(AND(sizing_w02_gm_chosen<>"Excluded",sizing_w02_gm_chosen<>"Connect Instance"),VLOOKUP(sizing_w02_nsxt_gm_appliance_size,table_nsxt_manager_ram,2,FALSE),0)," GB : ",IF(AND(sizing_w02_gm_chosen<>"Excluded",sizing_w02_gm_chosen<>"Connect Instance"),VLOOKUP(sizing_w02_nsxt_gm_appliance_size,table_nsxt_manager_disk_gb,2,FALSE),0)," GB") -> 0 CPUs : 0 GB : 0 GB | R45: Exclude | S45: =(CONCATENATE(IF(AND(sizing_w02_chosen="Included",sizing_w02_spr_chosen="Include"),VLOOKUP(input_wld_srm_vm_size,table_srm_cpu,2,FALSE),0)," CPUs :",IF(AND(sizing_w02_chosen="Included",sizing_w02_spr_chosen="Include"),VLOOKUP(input_wld_srm_vm_size,table_srm_ram,2,FALSE),0)," GB : ",IF(AND(sizing_w02_chosen="Included",sizing_w02_spr_chosen="Include"),VLOOKUP(input_wld_srm_vm_size,table_srm_disk,2,FALSE),0)," GB")) -> 0 CPUs :0 GB : 0 GB | U45: Excluded | V45: =CONCATENATE(IF(AND(sizing_w02_chosen="Included",sizing_w02_avi_appliance_size<>"Excluded"),VLOOKUP(sizing_w02_avi_appliance_size,table_avi_lb_cpu,2,FALSE),0), " CPUs : ",IF(AND(sizing_w02_chosen="Included",sizing_w02_avi_appliance_size<>"Excluded"),VLOOKUP(sizing_w02_avi_appliance_size,table_avi_lb_ram,2,FALSE),0), " GB : ",IF(AND(sizing_w02_chosen="Included",sizing_w02_avi_appliance_size<>"Excluded"),VLOOKUP(sizing_w02_avi_appliance_size,table_avi_lb_disk,2,FALSE),0)," GB") -> 0 CPUs : 0 GB : 0 GB | X45: Excluded | Y45: =CONCATENATE( IF(AND(sizing_w02_ssp_chosen<>"Excluded",sizing_w02_ssp_chosen<>"Deployed in WLD"),VLOOKUP(sizing_w02_nsxt_appliance_size,table_ssp_cpu,2,FALSE),0)," CPUs : ", IF(AND(sizing_w02_ssp_chosen<>"Excluded",sizing_w02_ssp_chosen<>"Deployed in WLD"),VLOOKUP(sizing_w02_nsxt_appliance_size,table_ssp_ram,2,FALSE),0), " GB : ", IF(AND(sizing_w02_ssp_chosen<>"Excluded",sizing_w02_ssp_chosen<>"Deployed in WLD"),VLOOKUP(sizing_w02_nsxt_appliance_size,table_ssp_disk,2,FALSE),0)," GB") -> 0 CPUs : 0 GB : 0 GB | Z45: =IF(sizing_w02_chosen="Included",CONCATENATE("vCenter:",VLOOKUP(sizing_w02_vcenter_appliance_size,vcenter_sizing_limits,2,FALSE)," | NSX LM ",VLOOKUP(sizing_w02_nsxt_appliance_size,nsx_sizing_limits,2,FALSE)),"")
B46: w03 | C46: Excluded | D46: Medium | E46: =CONCATENATE(IF(sizing_w03_chosen="Included",VLOOKUP(sizing_w03_vcenter_appliance_size,table_vcenter_appliance_cpu,2,FALSE),0)," CPUs ",": ",IF(sizing_w03_chosen="Included",VLOOKUP(sizing_w03_vcenter_appliance_size,table_vcenter_appliance_ram,2,FALSE),0)," GB") -> 0 CPUs : 0 GB | F46: Default | G46: =CONCATENATE(IF(sizing_w03_chosen="Included",VLOOKUP(CONCATENATE(sizing_w03_vcenter_appliance_size,sizing_w03_vcenter_storage_size),table_vcenter_disk_gb,2,FALSE),0)," GB") -> 0 GB | H46: Dedicated - HA Cluster | I46: Medium | J46: =CONCATENATE(IF(AND(sizing_w03_chosen="Included",sizing_w03_nsxt_model<>"Shared"),VLOOKUP(sizing_w03_nsxt_appliance_size,table_nsxt_manager_cpu,2,FALSE),0)," CPUs : ",IF(AND(sizing_w03_chosen="Included",sizing_w03_nsxt_model<>"Shared"),VLOOKUP(sizing_w03_nsxt_appliance_size,table_nsxt_manager_ram,2,FALSE),0), " GB : ",IF(AND(sizing_w03_chosen="Included",sizing_w03_nsxt_model<>"Shared"),VLOOKUP(sizing_w03_nsxt_appliance_size,table_nsxt_manager_disk_gb,2,FALSE),0)," GB") -> 0 CPUs : 0 GB : 0 GB | L46: Excluded | M46: Medium | N46: =CONCATENATE(IF(AND(sizing_w03_gm_chosen<>"Excluded",sizing_w03_gm_chosen<>"Connect Instance"),VLOOKUP(sizing_w03_nsxt_gm_appliance_size,table_nsxt_manager_cpu,2,FALSE),0)," CPUs : ",IF(AND(sizing_w03_gm_chosen<>"Excluded",sizing_w03_gm_chosen<>"Connect Instance"),VLOOKUP(sizing_w03_nsxt_gm_appliance_size,table_nsxt_manager_ram,2,FALSE),0)," GB : ",IF(AND(sizing_w03_gm_chosen<>"Excluded",sizing_w03_gm_chosen<>"Connect Instance"),VLOOKUP(sizing_w03_nsxt_gm_appliance_size,table_nsxt_manager_disk_gb,2,FALSE),0)," GB") -> 0 CPUs : 0 GB : 0 GB | R46: Exclude | S46: =(CONCATENATE(IF(AND(sizing_w03_chosen="Included",sizing_w03_spr_chosen="Include"),VLOOKUP(input_wld_srm_vm_size,table_srm_cpu,2,FALSE),0)," CPUs :",IF(AND(sizing_w03_chosen="Included",sizing_w03_spr_chosen="Include"),VLOOKUP(input_wld_srm_vm_size,table_srm_ram,2,FALSE),0)," GB : ",IF(AND(sizing_w03_chosen="Included",sizing_w03_spr_chosen="Include"),VLOOKUP(input_wld_srm_vm_size,table_srm_disk,2,FALSE),0)," GB")) -> 0 CPUs :0 GB : 0 GB | U46: Excluded | V46: =CONCATENATE(IF(AND(sizing_w03_chosen="Included",sizing_w03_avi_appliance_size<>"Excluded"),VLOOKUP(sizing_w03_avi_appliance_size,table_avi_lb_cpu,2,FALSE),0), " CPUs : ",IF(AND(sizing_w03_chosen="Included",sizing_w03_avi_appliance_size<>"Excluded"),VLOOKUP(sizing_w03_avi_appliance_size,table_avi_lb_ram,2,FALSE),0), " GB : ",IF(AND(sizing_w03_chosen="Included",sizing_w03_avi_appliance_size<>"Excluded"),VLOOKUP(sizing_w03_avi_appliance_size,table_avi_lb_disk,2,FALSE),0)," GB") -> 0 CPUs : 0 GB : 0 GB | X46: Excluded | Y46: =CONCATENATE( IF(AND(sizing_w03_ssp_chosen<>"Excluded",sizing_w03_ssp_chosen<>"Deployed in WLD"),VLOOKUP(sizing_w03_nsxt_appliance_size,table_ssp_cpu,2,FALSE),0)," CPUs : ", IF(AND(sizing_w03_ssp_chosen<>"Excluded",sizing_w03_ssp_chosen<>"Deployed in WLD"),VLOOKUP(sizing_w03_nsxt_appliance_size,table_ssp_ram,2,FALSE),0), " GB : ", IF(AND(sizing_w03_ssp_chosen<>"Excluded",sizing_w03_ssp_chosen<>"Deployed in WLD"),VLOOKUP(sizing_w03_nsxt_appliance_size,table_ssp_disk,2,FALSE),0)," GB") -> 0 CPUs : 0 GB : 0 GB | Z46: =IF(sizing_w03_chosen="Included",CONCATENATE("vCenter:",VLOOKUP(sizing_w03_vcenter_appliance_size,vcenter_sizing_limits,2,FALSE)," | NSX LM ",VLOOKUP(sizing_w03_nsxt_appliance_size,nsx_sizing_limits,2,FALSE)),"")
B47: w04 | C47: Excluded | D47: Medium | E47: =CONCATENATE(IF(sizing_w04_chosen="Included",VLOOKUP(sizing_w04_vcenter_appliance_size,table_vcenter_appliance_cpu,2,FALSE),0)," CPUs ",": ",IF(sizing_w04_chosen="Included",VLOOKUP(sizing_w04_vcenter_appliance_size,table_vcenter_appliance_ram,2,FALSE),0)," GB") -> 0 CPUs : 0 GB | F47: Default | G47: =CONCATENATE(IF(sizing_w04_chosen="Included",VLOOKUP(CONCATENATE(sizing_w04_vcenter_appliance_size,sizing_w04_vcenter_storage_size),table_vcenter_disk_gb,2,FALSE),0)," GB") -> 0 GB | H47: Dedicated - HA Cluster | I47: XLarge | J47: =CONCATENATE(IF(AND(sizing_w04_chosen="Included",sizing_w04_nsxt_model<>"Shared"),VLOOKUP(sizing_w04_nsxt_appliance_size,table_nsxt_manager_cpu,2,FALSE),0)," CPUs : ",IF(AND(sizing_w04_chosen="Included",sizing_w04_nsxt_model<>"Shared"),VLOOKUP(sizing_w04_nsxt_appliance_size,table_nsxt_manager_ram,2,FALSE),0), " GB : ",IF(AND(sizing_w04_chosen="Included",sizing_w04_nsxt_model<>"Shared"),VLOOKUP(sizing_w04_nsxt_appliance_size,table_nsxt_manager_disk_gb,2,FALSE),0)," GB") -> 0 CPUs : 0 GB : 0 GB | L47: Excluded | M47: Large | N47: =CONCATENATE(IF(AND(sizing_w04_gm_chosen<>"Excluded",sizing_w04_gm_chosen<>"Connect Instance"),VLOOKUP(sizing_w04_nsxt_gm_appliance_size,table_nsxt_manager_cpu,2,FALSE),0)," CPUs : ",IF(AND(sizing_w04_gm_chosen<>"Excluded",sizing_w04_gm_chosen<>"Connect Instance"),VLOOKUP(sizing_w04_nsxt_gm_appliance_size,table_nsxt_manager_ram,2,FALSE),0)," GB : ",IF(AND(sizing_w04_gm_chosen<>"Excluded",sizing_w04_gm_chosen<>"Connect Instance"),VLOOKUP(sizing_w04_nsxt_gm_appliance_size,table_nsxt_manager_disk_gb,2,FALSE),0)," GB") -> 0 CPUs : 0 GB : 0 GB | R47: Exclude | S47: =(CONCATENATE(IF(AND(sizing_w04_chosen="Included",sizing_w04_spr_chosen="Include"),VLOOKUP(input_wld_srm_vm_size,table_srm_cpu,2,FALSE),0)," CPUs :",IF(AND(sizing_w04_chosen="Included",sizing_w04_spr_chosen="Include"),VLOOKUP(input_wld_srm_vm_size,table_srm_ram,2,FALSE),0)," GB : ",IF(AND(sizing_w04_chosen="Included",sizing_w04_spr_chosen="Include"),VLOOKUP(input_wld_srm_vm_size,table_srm_disk,2,FALSE),0)," GB")) -> 0 CPUs :0 GB : 0 GB | U47: Excluded | V47: =CONCATENATE(IF(AND(sizing_w04_chosen="Included",sizing_w04_avi_appliance_size<>"Excluded"),VLOOKUP(sizing_w04_avi_appliance_size,table_avi_lb_cpu,2,FALSE),0), " CPUs : ",IF(AND(sizing_w04_chosen="Included",sizing_w04_avi_appliance_size<>"Excluded"),VLOOKUP(sizing_w04_avi_appliance_size,table_avi_lb_ram,2,FALSE),0), " GB : ",IF(AND(sizing_w04_chosen="Included",sizing_w04_avi_appliance_size<>"Excluded"),VLOOKUP(sizing_w04_avi_appliance_size,table_avi_lb_disk,2,FALSE),0)," GB") -> 0 CPUs : 0 GB : 0 GB | X47: Excluded | Y47: =CONCATENATE( IF(AND(sizing_w04_ssp_chosen<>"Excluded",sizing_w04_ssp_chosen<>"Deployed in WLD"),VLOOKUP(sizing_w04_nsxt_appliance_size,table_ssp_cpu,2,FALSE),0)," CPUs : ", IF(AND(sizing_w04_ssp_chosen<>"Excluded",sizing_w04_ssp_chosen<>"Deployed in WLD"),VLOOKUP(sizing_w04_nsxt_appliance_size,table_ssp_ram,2,FALSE),0), " GB : ", IF(AND(sizing_w04_ssp_chosen<>"Excluded",sizing_w04_ssp_chosen<>"Deployed in WLD"),VLOOKUP(sizing_w04_nsxt_appliance_size,table_ssp_disk,2,FALSE),0)," GB") -> 0 CPUs : 0 GB : 0 GB | Z47: =IF(sizing_w04_chosen="Included",CONCATENATE("vCenter:",VLOOKUP(sizing_w04_vcenter_appliance_size,vcenter_sizing_limits,2,FALSE)," | NSX LM ",VLOOKUP(sizing_w04_nsxt_appliance_size,nsx_sizing_limits,2,FALSE)),"")
B48: w05 | C48: Excluded | D48: Medium | E48: =CONCATENATE(IF(sizing_w05_chosen="Included",VLOOKUP(sizing_w05_vcenter_appliance_size,table_vcenter_appliance_cpu,2,FALSE),0)," CPUs ",": ",IF(sizing_w05_chosen="Included",VLOOKUP(sizing_w05_vcenter_appliance_size,table_vcenter_appliance_ram,2,FALSE),0)," GB") -> 0 CPUs : 0 GB | F48: Default | G48: =CONCATENATE(IF(sizing_w05_chosen="Included",VLOOKUP(CONCATENATE(sizing_w05_vcenter_appliance_size,sizing_w05_vcenter_storage_size),table_vcenter_disk_gb,2,FALSE),0)," GB") -> 0 GB | H48: Dedicated - HA Cluster | I48: Large | J48: =CONCATENATE(IF(AND(sizing_w05_chosen="Included",sizing_w05_nsxt_model<>"Shared"),VLOOKUP(sizing_w05_nsxt_appliance_size,table_nsxt_manager_cpu,2,FALSE),0)," CPUs : ",IF(AND(sizing_w05_chosen="Included",sizing_w05_nsxt_model<>"Shared"),VLOOKUP(sizing_w05_nsxt_appliance_size,table_nsxt_manager_ram,2,FALSE),0), " GB : ",IF(AND(sizing_w05_chosen="Included",sizing_w05_nsxt_model<>"Shared"),VLOOKUP(sizing_w05_nsxt_appliance_size,table_nsxt_manager_disk_gb,2,FALSE),0)," GB") -> 0 CPUs : 0 GB : 0 GB | L48: Excluded | M48: Large | N48: =CONCATENATE(IF(AND(sizing_w05_gm_chosen<>"Excluded",sizing_w05_gm_chosen<>"Connect Instance"),VLOOKUP(sizing_w05_nsxt_gm_appliance_size,table_nsxt_manager_cpu,2,FALSE),0)," CPUs : ",IF(AND(sizing_w05_gm_chosen<>"Excluded",sizing_w05_gm_chosen<>"Connect Instance"),VLOOKUP(sizing_w05_nsxt_gm_appliance_size,table_nsxt_manager_ram,2,FALSE),0)," GB : ",IF(AND(sizing_w05_gm_chosen<>"Excluded",sizing_w05_gm_chosen<>"Connect Instance"),VLOOKUP(sizing_w05_nsxt_gm_appliance_size,table_nsxt_manager_disk_gb,2,FALSE),0)," GB") -> 0 CPUs : 0 GB : 0 GB | R48: Exclude | S48: =(CONCATENATE(IF(AND(sizing_w05_chosen="Included",sizing_w05_spr_chosen="Include"),VLOOKUP(input_wld_srm_vm_size,table_srm_cpu,2,FALSE),0)," CPUs :",IF(AND(sizing_w05_chosen="Included",sizing_w05_spr_chosen="Include"),VLOOKUP(input_wld_srm_vm_size,table_srm_ram,2,FALSE),0)," GB : ",IF(AND(sizing_w05_chosen="Included",sizing_w05_spr_chosen="Include"),VLOOKUP(input_wld_srm_vm_size,table_srm_disk,2,FALSE),0)," GB")) -> 0 CPUs :0 GB : 0 GB | U48: Excluded | V48: =CONCATENATE(IF(AND(sizing_w05_chosen="Included",sizing_w05_avi_appliance_size<>"Excluded"),VLOOKUP(sizing_w05_avi_appliance_size,table_avi_lb_cpu,2,FALSE),0), " CPUs : ",IF(AND(sizing_w05_chosen="Included",sizing_w05_avi_appliance_size<>"Excluded"),VLOOKUP(sizing_w05_avi_appliance_size,table_avi_lb_ram,2,FALSE),0), " GB : ",IF(AND(sizing_w05_chosen="Included",sizing_w05_avi_appliance_size<>"Excluded"),VLOOKUP(sizing_w05_avi_appliance_size,table_avi_lb_disk,2,FALSE),0)," GB") -> 0 CPUs : 0 GB : 0 GB | X48: Excluded | Y48: =CONCATENATE( IF(AND(sizing_w05_ssp_chosen<>"Excluded",sizing_w05_ssp_chosen<>"Deployed in WLD"),VLOOKUP(sizing_w05_nsxt_appliance_size,table_ssp_cpu,2,FALSE),0)," CPUs : ", IF(AND(sizing_w05_ssp_chosen<>"Excluded",sizing_w05_ssp_chosen<>"Deployed in WLD"),VLOOKUP(sizing_w05_nsxt_appliance_size,table_ssp_ram,2,FALSE),0), " GB : ", IF(AND(sizing_w05_ssp_chosen<>"Excluded",sizing_w05_ssp_chosen<>"Deployed in WLD"),VLOOKUP(sizing_w05_nsxt_appliance_size,table_ssp_disk,2,FALSE),0)," GB") -> 0 CPUs : 0 GB : 0 GB | Z48: =IF(sizing_w05_chosen="Included",CONCATENATE("vCenter:",VLOOKUP(sizing_w05_vcenter_appliance_size,vcenter_sizing_limits,2,FALSE)," | NSX LM ",VLOOKUP(sizing_w05_nsxt_appliance_size,nsx_sizing_limits,2,FALSE)),"")
B49: w06 | C49: Excluded | D49: Medium | E49: =CONCATENATE(IF(sizing_w06_chosen="Included",VLOOKUP(sizing_w06_vcenter_appliance_size,table_vcenter_appliance_cpu,2,FALSE),0)," CPUs ",": ",IF(sizing_w06_chosen="Included",VLOOKUP(sizing_w06_vcenter_appliance_size,table_vcenter_appliance_ram,2,FALSE),0)," GB") -> 0 CPUs : 0 GB | F49: Default | G49: =CONCATENATE(IF(sizing_w06_chosen="Included",VLOOKUP(CONCATENATE(sizing_w06_vcenter_appliance_size,sizing_w06_vcenter_storage_size),table_vcenter_disk_gb,2,FALSE),0)," GB") -> 0 GB | H49: Dedicated - HA Cluster | I49: Large | J49: =CONCATENATE(IF(AND(sizing_w06_chosen="Included",sizing_w06_nsxt_model<>"Shared"),VLOOKUP(sizing_w06_nsxt_appliance_size,table_nsxt_manager_cpu,2,FALSE),0)," CPUs : ",IF(AND(sizing_w06_chosen="Included",sizing_w06_nsxt_model<>"Shared"),VLOOKUP(sizing_w06_nsxt_appliance_size,table_nsxt_manager_ram,2,FALSE),0), " GB : ",IF(AND(sizing_w06_chosen="Included",sizing_w06_nsxt_model<>"Shared"),VLOOKUP(sizing_w06_nsxt_appliance_size,table_nsxt_manager_disk_gb,2,FALSE),0)," GB") -> 0 CPUs : 0 GB : 0 GB | L49: Excluded | M49: Large | N49: =CONCATENATE(IF(AND(sizing_w06_gm_chosen<>"Excluded",sizing_w06_gm_chosen<>"Connect Instance"),VLOOKUP(sizing_w06_nsxt_gm_appliance_size,table_nsxt_manager_cpu,2,FALSE),0)," CPUs : ",IF(AND(sizing_w06_gm_chosen<>"Excluded",sizing_w06_gm_chosen<>"Connect Instance"),VLOOKUP(sizing_w06_nsxt_gm_appliance_size,table_nsxt_manager_ram,2,FALSE),0)," GB : ",IF(AND(sizing_w06_gm_chosen<>"Excluded",sizing_w06_gm_chosen<>"Connect Instance"),VLOOKUP(sizing_w06_nsxt_gm_appliance_size,table_nsxt_manager_disk_gb,2,FALSE),0)," GB") -> 0 CPUs : 0 GB : 0 GB | R49: Exclude | S49: =(CONCATENATE(IF(AND(sizing_w06_chosen="Included",sizing_w06_spr_chosen="Include"),VLOOKUP(input_wld_srm_vm_size,table_srm_cpu,2,FALSE),0)," CPUs :",IF(AND(sizing_w06_chosen="Included",sizing_w06_spr_chosen="Include"),VLOOKUP(input_wld_srm_vm_size,table_srm_ram,2,FALSE),0)," GB : ",IF(AND(sizing_w06_chosen="Included",sizing_w06_spr_chosen="Include"),VLOOKUP(input_wld_srm_vm_size,table_srm_disk,2,FALSE),0)," GB")) -> 0 CPUs :0 GB : 0 GB | U49: Excluded | V49: =CONCATENATE(IF(AND(sizing_w06_chosen="Included",sizing_w06_avi_appliance_size<>"Excluded"),VLOOKUP(sizing_w06_avi_appliance_size,table_avi_lb_cpu,2,FALSE),0), " CPUs : ",IF(AND(sizing_w06_chosen="Included",sizing_w06_avi_appliance_size<>"Excluded"),VLOOKUP(sizing_w06_avi_appliance_size,table_avi_lb_ram,2,FALSE),0), " GB : ",IF(AND(sizing_w06_chosen="Included",sizing_w06_avi_appliance_size<>"Excluded"),VLOOKUP(sizing_w06_avi_appliance_size,table_avi_lb_disk,2,FALSE),0)," GB") -> 0 CPUs : 0 GB : 0 GB | X49: Excluded | Y49: =CONCATENATE( IF(AND(sizing_w06_ssp_chosen<>"Excluded",sizing_w06_ssp_chosen<>"Deployed in WLD"),VLOOKUP(sizing_w06_nsxt_appliance_size,table_ssp_cpu,2,FALSE),0)," CPUs : ", IF(AND(sizing_w06_ssp_chosen<>"Excluded",sizing_w06_ssp_chosen<>"Deployed in WLD"),VLOOKUP(sizing_w06_nsxt_appliance_size,table_ssp_ram,2,FALSE),0), " GB : ", IF(AND(sizing_w06_ssp_chosen<>"Excluded",sizing_w06_ssp_chosen<>"Deployed in WLD"),VLOOKUP(sizing_w06_nsxt_appliance_size,table_ssp_disk,2,FALSE),0)," GB") -> 0 CPUs : 0 GB : 0 GB | Z49: =IF(sizing_w06_chosen="Included",CONCATENATE("vCenter:",VLOOKUP(sizing_w06_vcenter_appliance_size,vcenter_sizing_limits,2,FALSE)," | NSX LM ",VLOOKUP(sizing_w06_nsxt_appliance_size,nsx_sizing_limits,2,FALSE)),"")
B50: w07 | C50: Excluded | D50: Medium | E50: =CONCATENATE(IF(sizing_w07_chosen="Included",VLOOKUP(sizing_w07_vcenter_appliance_size,table_vcenter_appliance_cpu,2,FALSE),0)," CPUs ",": ",IF(sizing_w07_chosen="Included",VLOOKUP(sizing_w07_vcenter_appliance_size,table_vcenter_appliance_ram,2,FALSE),0)," GB") -> 0 CPUs : 0 GB | F50: Default | G50: =CONCATENATE(IF(sizing_w07_chosen="Included",VLOOKUP(CONCATENATE(sizing_w07_vcenter_appliance_size,sizing_w07_vcenter_storage_size),table_vcenter_disk_gb,2,FALSE),0)," GB") -> 0 GB | H50: Dedicated - HA Cluster | I50: Large | J50: =CONCATENATE(IF(AND(sizing_w07_chosen="Included",sizing_w07_nsxt_model<>"Shared"),VLOOKUP(sizing_w07_nsxt_appliance_size,table_nsxt_manager_cpu,2,FALSE),0)," CPUs : ",IF(AND(sizing_w07_chosen="Included",sizing_w07_nsxt_model<>"Shared"),VLOOKUP(sizing_w07_nsxt_appliance_size,table_nsxt_manager_ram,2,FALSE),0), " GB : ",IF(AND(sizing_w07_chosen="Included",sizing_w07_nsxt_model<>"Shared"),VLOOKUP(sizing_w07_nsxt_appliance_size,table_nsxt_manager_disk_gb,2,FALSE),0)," GB") -> 0 CPUs : 0 GB : 0 GB | L50: Excluded | M50: Large | N50: =CONCATENATE(IF(AND(sizing_w07_gm_chosen<>"Excluded",sizing_w07_gm_chosen<>"Connect Instance"),VLOOKUP(sizing_w07_nsxt_gm_appliance_size,table_nsxt_manager_cpu,2,FALSE),0)," CPUs : ",IF(AND(sizing_w07_gm_chosen<>"Excluded",sizing_w07_gm_chosen<>"Connect Instance"),VLOOKUP(sizing_w07_nsxt_gm_appliance_size,table_nsxt_manager_ram,2,FALSE),0)," GB : ",IF(AND(sizing_w07_gm_chosen<>"Excluded",sizing_w07_gm_chosen<>"Connect Instance"),VLOOKUP(sizing_w07_nsxt_gm_appliance_size,table_nsxt_manager_disk_gb,2,FALSE),0)," GB") -> 0 CPUs : 0 GB : 0 GB | R50: Exclude | S50: =(CONCATENATE(IF(AND(sizing_w07_chosen="Included",sizing_w07_spr_chosen="Include"),VLOOKUP(input_wld_srm_vm_size,table_srm_cpu,2,FALSE),0)," CPUs :",IF(AND(sizing_w07_chosen="Included",sizing_w07_spr_chosen="Include"),VLOOKUP(input_wld_srm_vm_size,table_srm_ram,2,FALSE),0)," GB : ",IF(AND(sizing_w07_chosen="Included",sizing_w07_spr_chosen="Include"),VLOOKUP(input_wld_srm_vm_size,table_srm_disk,2,FALSE),0)," GB")) -> 0 CPUs :0 GB : 0 GB | U50: Excluded | V50: =CONCATENATE(IF(AND(sizing_w07_chosen="Included",sizing_w07_avi_appliance_size<>"Excluded"),VLOOKUP(sizing_w07_avi_appliance_size,table_avi_lb_cpu,2,FALSE),0), " CPUs : ",IF(AND(sizing_w07_chosen="Included",sizing_w07_avi_appliance_size<>"Excluded"),VLOOKUP(sizing_w07_avi_appliance_size,table_avi_lb_ram,2,FALSE),0), " GB : ",IF(AND(sizing_w07_chosen="Included",sizing_w07_avi_appliance_size<>"Excluded"),VLOOKUP(sizing_w07_avi_appliance_size,table_avi_lb_disk,2,FALSE),0)," GB") -> 0 CPUs : 0 GB : 0 GB | X50: Excluded | Y50: =CONCATENATE( IF(AND(sizing_w07_ssp_chosen<>"Excluded",sizing_w07_ssp_chosen<>"Deployed in WLD"),VLOOKUP(sizing_w07_nsxt_appliance_size,table_ssp_cpu,2,FALSE),0)," CPUs : ", IF(AND(sizing_w07_ssp_chosen<>"Excluded",sizing_w07_ssp_chosen<>"Deployed in WLD"),VLOOKUP(sizing_w07_nsxt_appliance_size,table_ssp_ram,2,FALSE),0), " GB : ", IF(AND(sizing_w07_ssp_chosen<>"Excluded",sizing_w07_ssp_chosen<>"Deployed in WLD"),VLOOKUP(sizing_w07_nsxt_appliance_size,table_ssp_disk,2,FALSE),0)," GB") -> 0 CPUs : 0 GB : 0 GB | Z50: =IF(sizing_w07_chosen="Included",CONCATENATE("vCenter:",VLOOKUP(sizing_w07_vcenter_appliance_size,vcenter_sizing_limits,2,FALSE)," | NSX LM ",VLOOKUP(sizing_w07_nsxt_appliance_size,nsx_sizing_limits,2,FALSE)),"")
B51: w08 | C51: Excluded | D51: Medium | E51: =CONCATENATE(IF(sizing_w08_chosen="Included",VLOOKUP(sizing_w08_vcenter_appliance_size,table_vcenter_appliance_cpu,2,FALSE),0)," CPUs ",": ",IF(sizing_w08_chosen="Included",VLOOKUP(sizing_w08_vcenter_appliance_size,table_vcenter_appliance_ram,2,FALSE),0)," GB") -> 0 CPUs : 0 GB | F51: Default | G51: =CONCATENATE(IF(sizing_w08_chosen="Included",VLOOKUP(CONCATENATE(sizing_w08_vcenter_appliance_size,sizing_w08_vcenter_storage_size),table_vcenter_disk_gb,2,FALSE),0)," GB") -> 0 GB | H51: Dedicated - HA Cluster | I51: Large | J51: =CONCATENATE(IF(AND(sizing_w08_chosen="Included",sizing_w08_nsxt_model<>"Shared"),VLOOKUP(sizing_w08_nsxt_appliance_size,table_nsxt_manager_cpu,2,FALSE),0)," CPUs : ",IF(AND(sizing_w08_chosen="Included",sizing_w08_nsxt_model<>"Shared"),VLOOKUP(sizing_w08_nsxt_appliance_size,table_nsxt_manager_ram,2,FALSE),0), " GB : ",IF(AND(sizing_w08_chosen="Included",sizing_w08_nsxt_model<>"Shared"),VLOOKUP(sizing_w08_nsxt_appliance_size,table_nsxt_manager_disk_gb,2,FALSE),0)," GB") -> 0 CPUs : 0 GB : 0 GB | L51: Excluded | M51: Large | N51: =CONCATENATE(IF(AND(sizing_w08_gm_chosen<>"Excluded",sizing_w08_gm_chosen<>"Connect Instance"),VLOOKUP(sizing_w08_nsxt_gm_appliance_size,table_nsxt_manager_cpu,2,FALSE),0)," CPUs : ",IF(AND(sizing_w08_gm_chosen<>"Excluded",sizing_w08_gm_chosen<>"Connect Instance"),VLOOKUP(sizing_w08_nsxt_gm_appliance_size,table_nsxt_manager_ram,2,FALSE),0)," GB : ",IF(AND(sizing_w08_gm_chosen<>"Excluded",sizing_w08_gm_chosen<>"Connect Instance"),VLOOKUP(sizing_w08_nsxt_gm_appliance_size,table_nsxt_manager_disk_gb,2,FALSE),0)," GB") -> 0 CPUs : 0 GB : 0 GB | R51: Exclude | S51: =(CONCATENATE(IF(AND(sizing_w08_chosen="Included",sizing_w08_spr_chosen="Include"),VLOOKUP(input_wld_srm_vm_size,table_srm_cpu,2,FALSE),0)," CPUs :",IF(AND(sizing_w08_chosen="Included",sizing_w08_spr_chosen="Include"),VLOOKUP(input_wld_srm_vm_size,table_srm_ram,2,FALSE),0)," GB : ",IF(AND(sizing_w08_chosen="Included",sizing_w08_spr_chosen="Include"),VLOOKUP(input_wld_srm_vm_size,table_srm_disk,2,FALSE),0)," GB")) -> 0 CPUs :0 GB : 0 GB | U51: Excluded | V51: =CONCATENATE(IF(AND(sizing_w08_chosen="Included",sizing_w08_avi_appliance_size<>"Excluded"),VLOOKUP(sizing_w08_avi_appliance_size,table_avi_lb_cpu,2,FALSE),0), " CPUs : ",IF(AND(sizing_w08_chosen="Included",sizing_w08_avi_appliance_size<>"Excluded"),VLOOKUP(sizing_w08_avi_appliance_size,table_avi_lb_ram,2,FALSE),0), " GB : ",IF(AND(sizing_w08_chosen="Included",sizing_w08_avi_appliance_size<>"Excluded"),VLOOKUP(sizing_w08_avi_appliance_size,table_avi_lb_disk,2,FALSE),0)," GB") -> 0 CPUs : 0 GB : 0 GB | X51: Excluded | Y51: =CONCATENATE( IF(AND(sizing_w08_ssp_chosen<>"Excluded",sizing_w08_ssp_chosen<>"Deployed in WLD"),VLOOKUP(sizing_w08_nsxt_appliance_size,table_ssp_cpu,2,FALSE),0)," CPUs : ", IF(AND(sizing_w08_ssp_chosen<>"Excluded",sizing_w08_ssp_chosen<>"Deployed in WLD"),VLOOKUP(sizing_w08_nsxt_appliance_size,table_ssp_ram,2,FALSE),0), " GB : ", IF(AND(sizing_w08_ssp_chosen<>"Excluded",sizing_w08_ssp_chosen<>"Deployed in WLD"),VLOOKUP(sizing_w08_nsxt_appliance_size,table_ssp_disk,2,FALSE),0)," GB") -> 0 CPUs : 0 GB : 0 GB | Z51: =IF(sizing_w08_chosen="Included",CONCATENATE("vCenter:",VLOOKUP(sizing_w08_vcenter_appliance_size,vcenter_sizing_limits,2,FALSE)," | NSX LM ",VLOOKUP(sizing_w08_nsxt_appliance_size,nsx_sizing_limits,2,FALSE)),"")
B52: w09 | C52: Excluded | D52: Medium | E52: =CONCATENATE(IF(sizing_w09_chosen="Included",VLOOKUP(sizing_w09_vcenter_appliance_size,table_vcenter_appliance_cpu,2,FALSE),0)," CPUs ",": ",IF(sizing_w09_chosen="Included",VLOOKUP(sizing_w09_vcenter_appliance_size,table_vcenter_appliance_ram,2,FALSE),0)," GB") -> 0 CPUs : 0 GB | F52: Default | G52: =CONCATENATE(IF(sizing_w09_chosen="Included",VLOOKUP(CONCATENATE(sizing_w09_vcenter_appliance_size,sizing_w09_vcenter_storage_size),table_vcenter_disk_gb,2,FALSE),0)," GB") -> 0 GB | H52: Dedicated - HA Cluster | I52: Large | J52: =CONCATENATE(IF(AND(sizing_w09_chosen="Included",sizing_w09_nsxt_model<>"Shared"),VLOOKUP(sizing_w09_nsxt_appliance_size,table_nsxt_manager_cpu,2,FALSE),0)," CPUs : ",IF(AND(sizing_w09_chosen="Included",sizing_w09_nsxt_model<>"Shared"),VLOOKUP(sizing_w09_nsxt_appliance_size,table_nsxt_manager_ram,2,FALSE),0), " GB : ",IF(AND(sizing_w09_chosen="Included",sizing_w09_nsxt_model<>"Shared"),VLOOKUP(sizing_w09_nsxt_appliance_size,table_nsxt_manager_disk_gb,2,FALSE),0)," GB") -> 0 CPUs : 0 GB : 0 GB | L52: Excluded | M52: Large | N52: =CONCATENATE(IF(AND(sizing_w09_gm_chosen<>"Excluded",sizing_w09_gm_chosen<>"Connect Instance"),VLOOKUP(sizing_w09_nsxt_gm_appliance_size,table_nsxt_manager_cpu,2,FALSE),0)," CPUs : ",IF(AND(sizing_w09_gm_chosen<>"Excluded",sizing_w09_gm_chosen<>"Connect Instance"),VLOOKUP(sizing_w09_nsxt_gm_appliance_size,table_nsxt_manager_ram,2,FALSE),0)," GB : ",IF(AND(sizing_w09_gm_chosen<>"Excluded",sizing_w09_gm_chosen<>"Connect Instance"),VLOOKUP(sizing_w09_nsxt_gm_appliance_size,table_nsxt_manager_disk_gb,2,FALSE),0)," GB") -> 0 CPUs : 0 GB : 0 GB | R52: Exclude | S52: =(CONCATENATE(IF(AND(sizing_w09_chosen="Included",sizing_w09_spr_chosen="Include"),VLOOKUP(input_wld_srm_vm_size,table_srm_cpu,2,FALSE),0)," CPUs :",IF(AND(sizing_w09_chosen="Included",sizing_w09_spr_chosen="Include"),VLOOKUP(input_wld_srm_vm_size,table_srm_ram,2,FALSE),0)," GB : ",IF(AND(sizing_w09_chosen="Included",sizing_w09_spr_chosen="Include"),VLOOKUP(input_wld_srm_vm_size,table_srm_disk,2,FALSE),0)," GB")) -> 0 CPUs :0 GB : 0 GB | U52: Excluded | V52: =CONCATENATE(IF(AND(sizing_w09_chosen="Included",sizing_w09_avi_appliance_size<>"Excluded"),VLOOKUP(sizing_w09_avi_appliance_size,table_avi_lb_cpu,2,FALSE),0), " CPUs : ",IF(AND(sizing_w09_chosen="Included",sizing_w09_avi_appliance_size<>"Excluded"),VLOOKUP(sizing_w09_avi_appliance_size,table_avi_lb_ram,2,FALSE),0), " GB : ",IF(AND(sizing_w09_chosen="Included",sizing_w09_avi_appliance_size<>"Excluded"),VLOOKUP(sizing_w09_avi_appliance_size,table_avi_lb_disk,2,FALSE),0)," GB") -> 0 CPUs : 0 GB : 0 GB | X52: Excluded | Y52: =CONCATENATE( IF(AND(sizing_w09_ssp_chosen<>"Excluded",sizing_w09_ssp_chosen<>"Deployed in WLD"),VLOOKUP(sizing_w09_nsxt_appliance_size,table_ssp_cpu,2,FALSE),0)," CPUs : ", IF(AND(sizing_w09_ssp_chosen<>"Excluded",sizing_w09_ssp_chosen<>"Deployed in WLD"),VLOOKUP(sizing_w09_nsxt_appliance_size,table_ssp_ram,2,FALSE),0), " GB : ", IF(AND(sizing_w09_ssp_chosen<>"Excluded",sizing_w09_ssp_chosen<>"Deployed in WLD"),VLOOKUP(sizing_w09_nsxt_appliance_size,table_ssp_disk,2,FALSE),0)," GB") -> 0 CPUs : 0 GB : 0 GB | Z52: =IF(sizing_w09_chosen="Included",CONCATENATE("vCenter:",VLOOKUP(sizing_w09_vcenter_appliance_size,vcenter_sizing_limits,2,FALSE)," | NSX LM ",VLOOKUP(sizing_w09_nsxt_appliance_size,nsx_sizing_limits,2,FALSE)),"")
B53: w10 | C53: Excluded | D53: Medium | E53: =CONCATENATE(IF(sizing_w10_chosen="Included",VLOOKUP(sizing_w10_vcenter_appliance_size,table_vcenter_appliance_cpu,2,FALSE),0)," CPUs ",": ",IF(sizing_w10_chosen="Included",VLOOKUP(sizing_w10_vcenter_appliance_size,table_vcenter_appliance_ram,2,FALSE),0)," GB") -> 0 CPUs : 0 GB | F53: Default | G53: =CONCATENATE(IF(sizing_w10_chosen="Included",VLOOKUP(CONCATENATE(sizing_w10_vcenter_appliance_size,sizing_w10_vcenter_storage_size),table_vcenter_disk_gb,2,FALSE),0)," GB") -> 0 GB | H53: Dedicated - HA Cluster | I53: Large | J53: =CONCATENATE(IF(AND(sizing_w10_chosen="Included",sizing_w10_nsxt_model<>"Shared"),VLOOKUP(sizing_w10_nsxt_appliance_size,table_nsxt_manager_cpu,2,FALSE),0)," CPUs : ",IF(AND(sizing_w10_chosen="Included",sizing_w10_nsxt_model<>"Shared"),VLOOKUP(sizing_w10_nsxt_appliance_size,table_nsxt_manager_ram,2,FALSE),0), " GB : ",IF(AND(sizing_w10_chosen="Included",sizing_w10_nsxt_model<>"Shared"),VLOOKUP(sizing_w10_nsxt_appliance_size,table_nsxt_manager_disk_gb,2,FALSE),0)," GB") -> 0 CPUs : 0 GB : 0 GB | L53: Excluded | M53: Large | N53: =CONCATENATE(IF(AND(sizing_w10_gm_chosen<>"Excluded",sizing_w10_gm_chosen<>"Connect Instance"),VLOOKUP(sizing_w10_nsxt_gm_appliance_size,table_nsxt_manager_cpu,2,FALSE),0)," CPUs : ",IF(AND(sizing_w10_gm_chosen<>"Excluded",sizing_w10_gm_chosen<>"Connect Instance"),VLOOKUP(sizing_w10_nsxt_gm_appliance_size,table_nsxt_manager_ram,2,FALSE),0)," GB : ",IF(AND(sizing_w10_gm_chosen<>"Excluded",sizing_w10_gm_chosen<>"Connect Instance"),VLOOKUP(sizing_w10_nsxt_gm_appliance_size,table_nsxt_manager_disk_gb,2,FALSE),0)," GB") -> 0 CPUs : 0 GB : 0 GB | R53: Exclude | S53: =(CONCATENATE(IF(AND(sizing_w10_chosen="Included",sizing_w10_spr_chosen="Include"),VLOOKUP(input_wld_srm_vm_size,table_srm_cpu,2,FALSE),0)," CPUs :",IF(AND(sizing_w10_chosen="Included",sizing_w10_spr_chosen="Include"),VLOOKUP(input_wld_srm_vm_size,table_srm_ram,2,FALSE),0)," GB : ",IF(AND(sizing_w10_chosen="Included",sizing_w10_spr_chosen="Include"),VLOOKUP(input_wld_srm_vm_size,table_srm_disk,2,FALSE),0)," GB")) -> 0 CPUs :0 GB : 0 GB | U53: Excluded | V53: =CONCATENATE(IF(AND(sizing_w10_chosen="Included",sizing_w10_avi_appliance_size<>"Excluded"),VLOOKUP(sizing_w10_avi_appliance_size,table_avi_lb_cpu,2,FALSE),0), " CPUs : ",IF(AND(sizing_w10_chosen="Included",sizing_w10_avi_appliance_size<>"Excluded"),VLOOKUP(sizing_w10_avi_appliance_size,table_avi_lb_ram,2,FALSE),0), " GB : ",IF(AND(sizing_w10_chosen="Included",sizing_w10_avi_appliance_size<>"Excluded"),VLOOKUP(sizing_w10_avi_appliance_size,table_avi_lb_disk,2,FALSE),0)," GB") -> 0 CPUs : 0 GB : 0 GB | X53: Excluded | Y53: =CONCATENATE( IF(AND(sizing_w10_ssp_chosen<>"Excluded",sizing_w10_ssp_chosen<>"Deployed in WLD"),VLOOKUP(sizing_w10_nsxt_appliance_size,table_ssp_cpu,2,FALSE),0)," CPUs : ", IF(AND(sizing_w10_ssp_chosen<>"Excluded",sizing_w10_ssp_chosen<>"Deployed in WLD"),VLOOKUP(sizing_w10_nsxt_appliance_size,table_ssp_ram,2,FALSE),0), " GB : ", IF(AND(sizing_w10_ssp_chosen<>"Excluded",sizing_w10_ssp_chosen<>"Deployed in WLD"),VLOOKUP(sizing_w10_nsxt_appliance_size,table_ssp_disk,2,FALSE),0)," GB") -> 0 CPUs : 0 GB : 0 GB | Z53: =IF(sizing_w10_chosen="Included",CONCATENATE("vCenter:",VLOOKUP(sizing_w10_vcenter_appliance_size,vcenter_sizing_limits,2,FALSE)," | NSX LM ",VLOOKUP(sizing_w10_nsxt_appliance_size,nsx_sizing_limits,2,FALSE)),"")
B54: w11 | C54: Excluded | D54: Medium | E54: =CONCATENATE(IF(sizing_w11_chosen="Included",VLOOKUP(sizing_w11_vcenter_appliance_size,table_vcenter_appliance_cpu,2,FALSE),0)," CPUs ",": ",IF(sizing_w11_chosen="Included",VLOOKUP(sizing_w11_vcenter_appliance_size,table_vcenter_appliance_ram,2,FALSE),0)," GB") -> 0 CPUs : 0 GB | F54: Default | G54: =CONCATENATE(IF(sizing_w11_chosen="Included",VLOOKUP(CONCATENATE(sizing_w11_vcenter_appliance_size,sizing_w11_vcenter_storage_size),table_vcenter_disk_gb,2,FALSE),0)," GB") -> 0 GB | H54: Dedicated - HA Cluster | I54: Large | J54: =CONCATENATE(IF(AND(sizing_w11_chosen="Included",sizing_w11_nsxt_model<>"Shared"),VLOOKUP(sizing_w11_nsxt_appliance_size,table_nsxt_manager_cpu,2,FALSE),0)," CPUs : ",IF(AND(sizing_w11_chosen="Included",sizing_w11_nsxt_model<>"Shared"),VLOOKUP(sizing_w11_nsxt_appliance_size,table_nsxt_manager_ram,2,FALSE),0), " GB : ",IF(AND(sizing_w11_chosen="Included",sizing_w11_nsxt_model<>"Shared"),VLOOKUP(sizing_w11_nsxt_appliance_size,table_nsxt_manager_disk_gb,2,FALSE),0)," GB") -> 0 CPUs : 0 GB : 0 GB | L54: Excluded | M54: Large | N54: =CONCATENATE(IF(AND(sizing_w11_gm_chosen<>"Excluded",sizing_w11_gm_chosen<>"Connect Instance"),VLOOKUP(sizing_w11_nsxt_gm_appliance_size,table_nsxt_manager_cpu,2,FALSE),0)," CPUs : ",IF(AND(sizing_w11_gm_chosen<>"Excluded",sizing_w11_gm_chosen<>"Connect Instance"),VLOOKUP(sizing_w11_nsxt_gm_appliance_size,table_nsxt_manager_ram,2,FALSE),0)," GB : ",IF(AND(sizing_w11_gm_chosen<>"Excluded",sizing_w11_gm_chosen<>"Connect Instance"),VLOOKUP(sizing_w11_nsxt_gm_appliance_size,table_nsxt_manager_disk_gb,2,FALSE),0)," GB") -> 0 CPUs : 0 GB : 0 GB | R54: Exclude | S54: =(CONCATENATE(IF(AND(sizing_w11_chosen="Included",sizing_w11_spr_chosen="Include"),VLOOKUP(input_wld_srm_vm_size,table_srm_cpu,2,FALSE),0)," CPUs :",IF(AND(sizing_w11_chosen="Included",sizing_w11_spr_chosen="Include"),VLOOKUP(input_wld_srm_vm_size,table_srm_ram,2,FALSE),0)," GB : ",IF(AND(sizing_w11_chosen="Included",sizing_w11_spr_chosen="Include"),VLOOKUP(input_wld_srm_vm_size,table_srm_disk,2,FALSE),0)," GB")) -> 0 CPUs :0 GB : 0 GB | U54: Excluded | V54: =CONCATENATE(IF(AND(sizing_w11_chosen="Included",sizing_w11_avi_appliance_size<>"Excluded"),VLOOKUP(sizing_w11_avi_appliance_size,table_avi_lb_cpu,2,FALSE),0), " CPUs : ",IF(AND(sizing_w11_chosen="Included",sizing_w11_avi_appliance_size<>"Excluded"),VLOOKUP(sizing_w11_avi_appliance_size,table_avi_lb_ram,2,FALSE),0), " GB : ",IF(AND(sizing_w11_chosen="Included",sizing_w11_avi_appliance_size<>"Excluded"),VLOOKUP(sizing_w11_avi_appliance_size,table_avi_lb_disk,2,FALSE),0)," GB") -> 0 CPUs : 0 GB : 0 GB | X54: Excluded | Y54: =CONCATENATE( IF(AND(sizing_w11_ssp_chosen<>"Excluded",sizing_w11_ssp_chosen<>"Deployed in WLD"),VLOOKUP(sizing_w11_nsxt_appliance_size,table_ssp_cpu,2,FALSE),0)," CPUs : ", IF(AND(sizing_w11_ssp_chosen<>"Excluded",sizing_w11_ssp_chosen<>"Deployed in WLD"),VLOOKUP(sizing_w11_nsxt_appliance_size,table_ssp_ram,2,FALSE),0), " GB : ", IF(AND(sizing_w11_ssp_chosen<>"Excluded",sizing_w11_ssp_chosen<>"Deployed in WLD"),VLOOKUP(sizing_w11_nsxt_appliance_size,table_ssp_disk,2,FALSE),0)," GB") -> 0 CPUs : 0 GB : 0 GB | Z54: =IF(sizing_w11_chosen="Included",CONCATENATE("vCenter:",VLOOKUP(sizing_w11_vcenter_appliance_size,vcenter_sizing_limits,2,FALSE)," | NSX LM ",VLOOKUP(sizing_w11_nsxt_appliance_size,nsx_sizing_limits,2,FALSE)),"")
B55: w12 | C55: Excluded | D55: Medium | E55: =CONCATENATE(IF(sizing_w12_chosen="Included",VLOOKUP(sizing_w12_vcenter_appliance_size,table_vcenter_appliance_cpu,2,FALSE),0)," CPUs ",": ",IF(sizing_w12_chosen="Included",VLOOKUP(sizing_w12_vcenter_appliance_size,table_vcenter_appliance_ram,2,FALSE),0)," GB") -> 0 CPUs : 0 GB | F55: Default | G55: =CONCATENATE(IF(sizing_w12_chosen="Included",VLOOKUP(CONCATENATE(sizing_w12_vcenter_appliance_size,sizing_w12_vcenter_storage_size),table_vcenter_disk_gb,2,FALSE),0)," GB") -> 0 GB | H55: Dedicated - HA Cluster | I55: Large | J55: =CONCATENATE(IF(AND(sizing_w12_chosen="Included",sizing_w12_nsxt_model<>"Shared"),VLOOKUP(sizing_w12_nsxt_appliance_size,table_nsxt_manager_cpu,2,FALSE),0)," CPUs : ",IF(AND(sizing_w12_chosen="Included",sizing_w12_nsxt_model<>"Shared"),VLOOKUP(sizing_w12_nsxt_appliance_size,table_nsxt_manager_ram,2,FALSE),0), " GB : ",IF(AND(sizing_w12_chosen="Included",sizing_w12_nsxt_model<>"Shared"),VLOOKUP(sizing_w12_nsxt_appliance_size,table_nsxt_manager_disk_gb,2,FALSE),0)," GB") -> 0 CPUs : 0 GB : 0 GB | L55: Excluded | M55: Large | N55: =CONCATENATE(IF(AND(sizing_w12_gm_chosen<>"Excluded",sizing_w12_gm_chosen<>"Connect Instance"),VLOOKUP(sizing_w12_nsxt_gm_appliance_size,table_nsxt_manager_cpu,2,FALSE),0)," CPUs : ",IF(AND(sizing_w12_gm_chosen<>"Excluded",sizing_w12_gm_chosen<>"Connect Instance"),VLOOKUP(sizing_w12_nsxt_gm_appliance_size,table_nsxt_manager_ram,2,FALSE),0)," GB : ",IF(AND(sizing_w12_gm_chosen<>"Excluded",sizing_w12_gm_chosen<>"Connect Instance"),VLOOKUP(sizing_w12_nsxt_gm_appliance_size,table_nsxt_manager_disk_gb,2,FALSE),0)," GB") -> 0 CPUs : 0 GB : 0 GB | R55: Exclude | S55: =(CONCATENATE(IF(AND(sizing_w12_chosen="Included",sizing_w12_spr_chosen="Include"),VLOOKUP(input_wld_srm_vm_size,table_srm_cpu,2,FALSE),0)," CPUs :",IF(AND(sizing_w12_chosen="Included",sizing_w12_spr_chosen="Include"),VLOOKUP(input_wld_srm_vm_size,table_srm_ram,2,FALSE),0)," GB : ",IF(AND(sizing_w12_chosen="Included",sizing_w12_spr_chosen="Include"),VLOOKUP(input_wld_srm_vm_size,table_srm_disk,2,FALSE),0)," GB")) -> 0 CPUs :0 GB : 0 GB | U55: Excluded | V55: =CONCATENATE(IF(AND(sizing_w12_chosen="Included",sizing_w12_avi_appliance_size<>"Excluded"),VLOOKUP(sizing_w12_avi_appliance_size,table_avi_lb_cpu,2,FALSE),0), " CPUs : ",IF(AND(sizing_w12_chosen="Included",sizing_w12_avi_appliance_size<>"Excluded"),VLOOKUP(sizing_w12_avi_appliance_size,table_avi_lb_ram,2,FALSE),0), " GB : ",IF(AND(sizing_w12_chosen="Included",sizing_w12_avi_appliance_size<>"Excluded"),VLOOKUP(sizing_w12_avi_appliance_size,table_avi_lb_disk,2,FALSE),0)," GB") -> 0 CPUs : 0 GB : 0 GB | X55: Excluded | Y55: =CONCATENATE( IF(AND(sizing_w12_ssp_chosen<>"Excluded",sizing_w12_ssp_chosen<>"Deployed in WLD"),VLOOKUP(sizing_w12_nsxt_appliance_size,table_ssp_cpu,2,FALSE),0)," CPUs : ", IF(AND(sizing_w12_ssp_chosen<>"Excluded",sizing_w12_ssp_chosen<>"Deployed in WLD"),VLOOKUP(sizing_w12_nsxt_appliance_size,table_ssp_ram,2,FALSE),0), " GB : ", IF(AND(sizing_w12_ssp_chosen<>"Excluded",sizing_w12_ssp_chosen<>"Deployed in WLD"),VLOOKUP(sizing_w12_nsxt_appliance_size,table_ssp_disk,2,FALSE),0)," GB") -> 0 CPUs : 0 GB : 0 GB | Z55: =IF(sizing_w12_chosen="Included",CONCATENATE("vCenter:",VLOOKUP(sizing_w12_vcenter_appliance_size,vcenter_sizing_limits,2,FALSE)," | NSX LM ",VLOOKUP(sizing_w12_nsxt_appliance_size,nsx_sizing_limits,2,FALSE)),"")
B56: w13 | C56: Excluded | D56: Medium | E56: =CONCATENATE(IF(sizing_w13_chosen="Included",VLOOKUP(sizing_w13_vcenter_appliance_size,table_vcenter_appliance_cpu,2,FALSE),0)," CPUs ",": ",IF(sizing_w13_chosen="Included",VLOOKUP(sizing_w13_vcenter_appliance_size,table_vcenter_appliance_ram,2,FALSE),0)," GB") -> 0 CPUs : 0 GB | F56: Default | G56: =CONCATENATE(IF(sizing_w13_chosen="Included",VLOOKUP(CONCATENATE(sizing_w13_vcenter_appliance_size,sizing_w13_vcenter_storage_size),table_vcenter_disk_gb,2,FALSE),0)," GB") -> 0 GB | H56: Dedicated - HA Cluster | I56: Large | J56: =CONCATENATE(IF(AND(sizing_w13_chosen="Included",sizing_w13_nsxt_model<>"Shared"),VLOOKUP(sizing_w13_nsxt_appliance_size,table_nsxt_manager_cpu,2,FALSE),0)," CPUs : ",IF(AND(sizing_w13_chosen="Included",sizing_w13_nsxt_model<>"Shared"),VLOOKUP(sizing_w13_nsxt_appliance_size,table_nsxt_manager_ram,2,FALSE),0), " GB : ",IF(AND(sizing_w13_chosen="Included",sizing_w13_nsxt_model<>"Shared"),VLOOKUP(sizing_w13_nsxt_appliance_size,table_nsxt_manager_disk_gb,2,FALSE),0)," GB") -> 0 CPUs : 0 GB : 0 GB | L56: Excluded | M56: Large | N56: =CONCATENATE(IF(AND(sizing_w13_gm_chosen<>"Excluded",sizing_w13_gm_chosen<>"Connect Instance"),VLOOKUP(sizing_w13_nsxt_gm_appliance_size,table_nsxt_manager_cpu,2,FALSE),0)," CPUs : ",IF(AND(sizing_w13_gm_chosen<>"Excluded",sizing_w13_gm_chosen<>"Connect Instance"),VLOOKUP(sizing_w13_nsxt_gm_appliance_size,table_nsxt_manager_ram,2,FALSE),0)," GB : ",IF(AND(sizing_w13_gm_chosen<>"Excluded",sizing_w13_gm_chosen<>"Connect Instance"),VLOOKUP(sizing_w13_nsxt_gm_appliance_size,table_nsxt_manager_disk_gb,2,FALSE),0)," GB") -> 0 CPUs : 0 GB : 0 GB | R56: Exclude | S56: =(CONCATENATE(IF(AND(sizing_w13_chosen="Included",sizing_w13_spr_chosen="Include"),VLOOKUP(input_wld_srm_vm_size,table_srm_cpu,2,FALSE),0)," CPUs :",IF(AND(sizing_w13_chosen="Included",sizing_w13_spr_chosen="Include"),VLOOKUP(input_wld_srm_vm_size,table_srm_ram,2,FALSE),0)," GB : ",IF(AND(sizing_w13_chosen="Included",sizing_w13_spr_chosen="Include"),VLOOKUP(input_wld_srm_vm_size,table_srm_disk,2,FALSE),0)," GB")) -> 0 CPUs :0 GB : 0 GB | U56: Excluded | V56: =CONCATENATE(IF(AND(sizing_w13_chosen="Included",sizing_w13_avi_appliance_size<>"Excluded"),VLOOKUP(sizing_w13_avi_appliance_size,table_avi_lb_cpu,2,FALSE),0), " CPUs : ",IF(AND(sizing_w13_chosen="Included",sizing_w13_avi_appliance_size<>"Excluded"),VLOOKUP(sizing_w13_avi_appliance_size,table_avi_lb_ram,2,FALSE),0), " GB : ",IF(AND(sizing_w13_chosen="Included",sizing_w13_avi_appliance_size<>"Excluded"),VLOOKUP(sizing_w13_avi_appliance_size,table_avi_lb_disk,2,FALSE),0)," GB") -> 0 CPUs : 0 GB : 0 GB | X56: Excluded | Y56: =CONCATENATE( IF(AND(sizing_w13_ssp_chosen<>"Excluded",sizing_w13_ssp_chosen<>"Deployed in WLD"),VLOOKUP(sizing_w13_nsxt_appliance_size,table_ssp_cpu,2,FALSE),0)," CPUs : ", IF(AND(sizing_w13_ssp_chosen<>"Excluded",sizing_w13_ssp_chosen<>"Deployed in WLD"),VLOOKUP(sizing_w13_nsxt_appliance_size,table_ssp_ram,2,FALSE),0), " GB : ", IF(AND(sizing_w13_ssp_chosen<>"Excluded",sizing_w13_ssp_chosen<>"Deployed in WLD"),VLOOKUP(sizing_w13_nsxt_appliance_size,table_ssp_disk,2,FALSE),0)," GB") -> 0 CPUs : 0 GB : 0 GB | Z56: =IF(sizing_w13_chosen="Included",CONCATENATE("vCenter:",VLOOKUP(sizing_w13_vcenter_appliance_size,vcenter_sizing_limits,2,FALSE)," | NSX LM ",VLOOKUP(sizing_w13_nsxt_appliance_size,nsx_sizing_limits,2,FALSE)),"")
B57: w14 | C57: Excluded | D57: Medium | E57: =CONCATENATE(IF(sizing_w14_chosen="Included",VLOOKUP(sizing_w14_vcenter_appliance_size,table_vcenter_appliance_cpu,2,FALSE),0)," CPUs ",": ",IF(sizing_w14_chosen="Included",VLOOKUP(sizing_w14_vcenter_appliance_size,table_vcenter_appliance_ram,2,FALSE),0)," GB") -> 0 CPUs : 0 GB | F57: Default | G57: =CONCATENATE(IF(sizing_w14_chosen="Included",VLOOKUP(CONCATENATE(sizing_w14_vcenter_appliance_size,sizing_w14_vcenter_storage_size),table_vcenter_disk_gb,2,FALSE),0)," GB") -> 0 GB | H57: Dedicated - HA Cluster | I57: Large | J57: =CONCATENATE(IF(AND(sizing_w14_chosen="Included",sizing_w14_nsxt_model<>"Shared"),VLOOKUP(sizing_w14_nsxt_appliance_size,table_nsxt_manager_cpu,2,FALSE),0)," CPUs : ",IF(AND(sizing_w14_chosen="Included",sizing_w14_nsxt_model<>"Shared"),VLOOKUP(sizing_w14_nsxt_appliance_size,table_nsxt_manager_ram,2,FALSE),0), " GB : ",IF(AND(sizing_w14_chosen="Included",sizing_w14_nsxt_model<>"Shared"),VLOOKUP(sizing_w14_nsxt_appliance_size,table_nsxt_manager_disk_gb,2,FALSE),0)," GB") -> 0 CPUs : 0 GB : 0 GB | L57: Excluded | M57: Large | N57: =CONCATENATE(IF(AND(sizing_w14_gm_chosen<>"Excluded",sizing_w14_gm_chosen<>"Connect Instance"),VLOOKUP(sizing_w14_nsxt_gm_appliance_size,table_nsxt_manager_cpu,2,FALSE),0)," CPUs : ",IF(AND(sizing_w14_gm_chosen<>"Excluded",sizing_w14_gm_chosen<>"Connect Instance"),VLOOKUP(sizing_w14_nsxt_gm_appliance_size,table_nsxt_manager_ram,2,FALSE),0)," GB : ",IF(AND(sizing_w14_gm_chosen<>"Excluded",sizing_w14_gm_chosen<>"Connect Instance"),VLOOKUP(sizing_w14_nsxt_gm_appliance_size,table_nsxt_manager_disk_gb,2,FALSE),0)," GB") -> 0 CPUs : 0 GB : 0 GB | R57: Exclude | S57: =(CONCATENATE(IF(AND(sizing_w14_chosen="Included",sizing_w14_spr_chosen="Include"),VLOOKUP(input_wld_srm_vm_size,table_srm_cpu,2,FALSE),0)," CPUs :",IF(AND(sizing_w14_chosen="Included",sizing_w14_spr_chosen="Include"),VLOOKUP(input_wld_srm_vm_size,table_srm_ram,2,FALSE),0)," GB : ",IF(AND(sizing_w14_chosen="Included",sizing_w14_spr_chosen="Include"),VLOOKUP(input_wld_srm_vm_size,table_srm_disk,2,FALSE),0)," GB")) -> 0 CPUs :0 GB : 0 GB | U57: Excluded | V57: =CONCATENATE(IF(AND(sizing_w14_chosen="Included",sizing_w14_avi_appliance_size<>"Excluded"),VLOOKUP(sizing_w14_avi_appliance_size,table_avi_lb_cpu,2,FALSE),0), " CPUs : ",IF(AND(sizing_w14_chosen="Included",sizing_w14_avi_appliance_size<>"Excluded"),VLOOKUP(sizing_w14_avi_appliance_size,table_avi_lb_ram,2,FALSE),0), " GB : ",IF(AND(sizing_w14_chosen="Included",sizing_w14_avi_appliance_size<>"Excluded"),VLOOKUP(sizing_w14_avi_appliance_size,table_avi_lb_disk,2,FALSE),0)," GB") -> 0 CPUs : 0 GB : 0 GB | X57: Excluded | Y57: =CONCATENATE( IF(AND(sizing_w14_ssp_chosen<>"Excluded",sizing_w14_ssp_chosen<>"Deployed in WLD"),VLOOKUP(sizing_w14_nsxt_appliance_size,table_ssp_cpu,2,FALSE),0)," CPUs : ", IF(AND(sizing_w14_ssp_chosen<>"Excluded",sizing_w14_ssp_chosen<>"Deployed in WLD"),VLOOKUP(sizing_w14_nsxt_appliance_size,table_ssp_ram,2,FALSE),0), " GB : ", IF(AND(sizing_w14_ssp_chosen<>"Excluded",sizing_w14_ssp_chosen<>"Deployed in WLD"),VLOOKUP(sizing_w14_nsxt_appliance_size,table_ssp_disk,2,FALSE),0)," GB") -> 0 CPUs : 0 GB : 0 GB | Z57: =IF(sizing_w14_chosen="Included",CONCATENATE("vCenter:",VLOOKUP(sizing_w14_vcenter_appliance_size,vcenter_sizing_limits,2,FALSE)," | NSX LM ",VLOOKUP(sizing_w14_nsxt_appliance_size,nsx_sizing_limits,2,FALSE)),"")
B58: w15 | C58: Excluded | D58: Medium | E58: =CONCATENATE(IF(sizing_w15_chosen="Included",VLOOKUP(sizing_w15_vcenter_appliance_size,table_vcenter_appliance_cpu,2,FALSE),0)," CPUs ",": ",IF(sizing_w15_chosen="Included",VLOOKUP(sizing_w15_vcenter_appliance_size,table_vcenter_appliance_ram,2,FALSE),0)," GB") -> 0 CPUs : 0 GB | F58: Default | G58: =CONCATENATE(IF(sizing_w15_chosen="Included",VLOOKUP(CONCATENATE(sizing_w15_vcenter_appliance_size,sizing_w15_vcenter_storage_size),table_vcenter_disk_gb,2,FALSE),0)," GB") -> 0 GB | H58: Dedicated - HA Cluster | I58: Large | J58: =CONCATENATE(IF(AND(sizing_w15_chosen="Included",sizing_w15_nsxt_model<>"Shared"),VLOOKUP(sizing_w15_nsxt_appliance_size,table_nsxt_manager_cpu,2,FALSE),0)," CPUs : ",IF(AND(sizing_w15_chosen="Included",sizing_w15_nsxt_model<>"Shared"),VLOOKUP(sizing_w15_nsxt_appliance_size,table_nsxt_manager_ram,2,FALSE),0), " GB : ",IF(AND(sizing_w15_chosen="Included",sizing_w15_nsxt_model<>"Shared"),VLOOKUP(sizing_w15_nsxt_appliance_size,table_nsxt_manager_disk_gb,2,FALSE),0)," GB") -> 0 CPUs : 0 GB : 0 GB | L58: Excluded | M58: Large | N58: =CONCATENATE(IF(AND(sizing_w15_gm_chosen<>"Excluded",sizing_w15_gm_chosen<>"Connect Instance"),VLOOKUP(sizing_w15_nsxt_gm_appliance_size,table_nsxt_manager_cpu,2,FALSE),0)," CPUs : ",IF(AND(sizing_w15_gm_chosen<>"Excluded",sizing_w15_gm_chosen<>"Connect Instance"),VLOOKUP(sizing_w15_nsxt_gm_appliance_size,table_nsxt_manager_ram,2,FALSE),0)," GB : ",IF(AND(sizing_w15_gm_chosen<>"Excluded",sizing_w15_gm_chosen<>"Connect Instance"),VLOOKUP(sizing_w15_nsxt_gm_appliance_size,table_nsxt_manager_disk_gb,2,FALSE),0)," GB") -> 0 CPUs : 0 GB : 0 GB | R58: Exclude | S58: =(CONCATENATE(IF(AND(sizing_w15_chosen="Included",sizing_w15_spr_chosen="Include"),VLOOKUP(input_wld_srm_vm_size,table_srm_cpu,2,FALSE),0)," CPUs :",IF(AND(sizing_w15_chosen="Included",sizing_w15_spr_chosen="Include"),VLOOKUP(input_wld_srm_vm_size,table_srm_ram,2,FALSE),0)," GB : ",IF(AND(sizing_w15_chosen="Included",sizing_w15_spr_chosen="Include"),VLOOKUP(input_wld_srm_vm_size,table_srm_disk,2,FALSE),0)," GB")) -> 0 CPUs :0 GB : 0 GB | U58: Excluded | V58: =CONCATENATE(IF(AND(sizing_w15_chosen="Included",sizing_w15_avi_appliance_size<>"Excluded"),VLOOKUP(sizing_w15_avi_appliance_size,table_avi_lb_cpu,2,FALSE),0), " CPUs : ",IF(AND(sizing_w15_chosen="Included",sizing_w15_avi_appliance_size<>"Excluded"),VLOOKUP(sizing_w15_avi_appliance_size,table_avi_lb_ram,2,FALSE),0), " GB : ",IF(AND(sizing_w15_chosen="Included",sizing_w15_avi_appliance_size<>"Excluded"),VLOOKUP(sizing_w15_avi_appliance_size,table_avi_lb_disk,2,FALSE),0)," GB") -> 0 CPUs : 0 GB : 0 GB | X58: Excluded | Y58: =CONCATENATE( IF(AND(sizing_w15_ssp_chosen<>"Excluded",sizing_w15_ssp_chosen<>"Deployed in WLD"),VLOOKUP(sizing_w15_nsxt_appliance_size,table_ssp_cpu,2,FALSE),0)," CPUs : ", IF(AND(sizing_w15_ssp_chosen<>"Excluded",sizing_w15_ssp_chosen<>"Deployed in WLD"),VLOOKUP(sizing_w15_nsxt_appliance_size,table_ssp_ram,2,FALSE),0), " GB : ", IF(AND(sizing_w15_ssp_chosen<>"Excluded",sizing_w15_ssp_chosen<>"Deployed in WLD"),VLOOKUP(sizing_w15_nsxt_appliance_size,table_ssp_disk,2,FALSE),0)," GB") -> 0 CPUs : 0 GB : 0 GB | Z58: =IF(sizing_w15_chosen="Included",CONCATENATE("vCenter:",VLOOKUP(sizing_w15_vcenter_appliance_size,vcenter_sizing_limits,2,FALSE)," | NSX LM ",VLOOKUP(sizing_w15_nsxt_appliance_size,nsx_sizing_limits,2,FALSE)),"")
B59: w16 | C59: Excluded | D59: Medium | E59: =CONCATENATE(IF(sizing_w16_chosen="Included",VLOOKUP(sizing_w16_vcenter_appliance_size,table_vcenter_appliance_cpu,2,FALSE),0)," CPUs ",": ",IF(sizing_w16_chosen="Included",VLOOKUP(sizing_w16_vcenter_appliance_size,table_vcenter_appliance_ram,2,FALSE),0)," GB") -> 0 CPUs : 0 GB | F59: Default | G59: =CONCATENATE(IF(sizing_w16_chosen="Included",VLOOKUP(CONCATENATE(sizing_w16_vcenter_appliance_size,sizing_w16_vcenter_storage_size),table_vcenter_disk_gb,2,FALSE),0)," GB") -> 0 GB | H59: Dedicated - HA Cluster | I59: Large | J59: =CONCATENATE(IF(AND(sizing_w16_chosen="Included",sizing_w16_nsxt_model<>"Shared"),VLOOKUP(sizing_w16_nsxt_appliance_size,table_nsxt_manager_cpu,2,FALSE),0)," CPUs : ",IF(AND(sizing_w16_chosen="Included",sizing_w16_nsxt_model<>"Shared"),VLOOKUP(sizing_w16_nsxt_appliance_size,table_nsxt_manager_ram,2,FALSE),0), " GB : ",IF(AND(sizing_w16_chosen="Included",sizing_w16_nsxt_model<>"Shared"),VLOOKUP(sizing_w16_nsxt_appliance_size,table_nsxt_manager_disk_gb,2,FALSE),0)," GB") -> 0 CPUs : 0 GB : 0 GB | L59: Excluded | M59: Large | N59: =CONCATENATE(IF(AND(sizing_w16_gm_chosen<>"Excluded",sizing_w16_gm_chosen<>"Connect Instance"),VLOOKUP(sizing_w16_nsxt_gm_appliance_size,table_nsxt_manager_cpu,2,FALSE),0)," CPUs : ",IF(AND(sizing_w16_gm_chosen<>"Excluded",sizing_w16_gm_chosen<>"Connect Instance"),VLOOKUP(sizing_w16_nsxt_gm_appliance_size,table_nsxt_manager_ram,2,FALSE),0)," GB : ",IF(AND(sizing_w16_gm_chosen<>"Excluded",sizing_w16_gm_chosen<>"Connect Instance"),VLOOKUP(sizing_w16_nsxt_gm_appliance_size,table_nsxt_manager_disk_gb,2,FALSE),0)," GB") -> 0 CPUs : 0 GB : 0 GB | R59: Exclude | S59: =(CONCATENATE(IF(AND(sizing_w16_chosen="Included",sizing_w16_spr_chosen="Include"),VLOOKUP(input_wld_srm_vm_size,table_srm_cpu,2,FALSE),0)," CPUs :",IF(AND(sizing_w16_chosen="Included",sizing_w16_spr_chosen="Include"),VLOOKUP(input_wld_srm_vm_size,table_srm_ram,2,FALSE),0)," GB : ",IF(AND(sizing_w16_chosen="Included",sizing_w16_spr_chosen="Include"),VLOOKUP(input_wld_srm_vm_size,table_srm_disk,2,FALSE),0)," GB")) -> 0 CPUs :0 GB : 0 GB | U59: Excluded | V59: =CONCATENATE(IF(AND(sizing_w16_chosen="Included",sizing_w16_avi_appliance_size<>"Excluded"),VLOOKUP(sizing_w16_avi_appliance_size,table_avi_lb_cpu,2,FALSE),0), " CPUs : ",IF(AND(sizing_w16_chosen="Included",sizing_w16_avi_appliance_size<>"Excluded"),VLOOKUP(sizing_w16_avi_appliance_size,table_avi_lb_ram,2,FALSE),0), " GB : ",IF(AND(sizing_w16_chosen="Included",sizing_w16_avi_appliance_size<>"Excluded"),VLOOKUP(sizing_w16_avi_appliance_size,table_avi_lb_disk,2,FALSE),0)," GB") -> 0 CPUs : 0 GB : 0 GB | X59: Excluded | Y59: =CONCATENATE( IF(AND(sizing_w16_ssp_chosen<>"Excluded",sizing_w16_ssp_chosen<>"Deployed in WLD"),VLOOKUP(sizing_w16_nsxt_appliance_size,table_ssp_cpu,2,FALSE),0)," CPUs : ", IF(AND(sizing_w16_ssp_chosen<>"Excluded",sizing_w16_ssp_chosen<>"Deployed in WLD"),VLOOKUP(sizing_w16_nsxt_appliance_size,table_ssp_ram,2,FALSE),0), " GB : ", IF(AND(sizing_w16_ssp_chosen<>"Excluded",sizing_w16_ssp_chosen<>"Deployed in WLD"),VLOOKUP(sizing_w16_nsxt_appliance_size,table_ssp_disk,2,FALSE),0)," GB") -> 0 CPUs : 0 GB : 0 GB | Z59: =IF(sizing_w16_chosen="Included",CONCATENATE("vCenter:",VLOOKUP(sizing_w16_vcenter_appliance_size,vcenter_sizing_limits,2,FALSE)," | NSX LM ",VLOOKUP(sizing_w16_nsxt_appliance_size,nsx_sizing_limits,2,FALSE)),"")
B60: w17 | C60: Excluded | D60: Medium | E60: =CONCATENATE(IF(sizing_w17_chosen="Included",VLOOKUP(sizing_w17_vcenter_appliance_size,table_vcenter_appliance_cpu,2,FALSE),0)," CPUs ",": ",IF(sizing_w17_chosen="Included",VLOOKUP(sizing_w17_vcenter_appliance_size,table_vcenter_appliance_ram,2,FALSE),0)," GB") -> 0 CPUs : 0 GB | F60: Default | G60: =CONCATENATE(IF(sizing_w17_chosen="Included",VLOOKUP(CONCATENATE(sizing_w17_vcenter_appliance_size,sizing_w17_vcenter_storage_size),table_vcenter_disk_gb,2,FALSE),0)," GB") -> 0 GB | H60: Dedicated - HA Cluster | I60: Large | J60: =CONCATENATE(IF(AND(sizing_w17_chosen="Included",sizing_w17_nsxt_model<>"Shared"),VLOOKUP(sizing_w17_nsxt_appliance_size,table_nsxt_manager_cpu,2,FALSE),0)," CPUs : ",IF(AND(sizing_w17_chosen="Included",sizing_w17_nsxt_model<>"Shared"),VLOOKUP(sizing_w17_nsxt_appliance_size,table_nsxt_manager_ram,2,FALSE),0), " GB : ",IF(AND(sizing_w17_chosen="Included",sizing_w17_nsxt_model<>"Shared"),VLOOKUP(sizing_w17_nsxt_appliance_size,table_nsxt_manager_disk_gb,2,FALSE),0)," GB") -> 0 CPUs : 0 GB : 0 GB | L60: Excluded | M60: Large | N60: =CONCATENATE(IF(AND(sizing_w17_gm_chosen<>"Excluded",sizing_w17_gm_chosen<>"Connect Instance"),VLOOKUP(sizing_w17_nsxt_gm_appliance_size,table_nsxt_manager_cpu,2,FALSE),0)," CPUs : ",IF(AND(sizing_w17_gm_chosen<>"Excluded",sizing_w17_gm_chosen<>"Connect Instance"),VLOOKUP(sizing_w17_nsxt_gm_appliance_size,table_nsxt_manager_ram,2,FALSE),0)," GB : ",IF(AND(sizing_w17_gm_chosen<>"Excluded",sizing_w17_gm_chosen<>"Connect Instance"),VLOOKUP(sizing_w17_nsxt_gm_appliance_size,table_nsxt_manager_disk_gb,2,FALSE),0)," GB") -> 0 CPUs : 0 GB : 0 GB | R60: Exclude | S60: =(CONCATENATE(IF(AND(sizing_w17_chosen="Included",sizing_w17_spr_chosen="Include"),VLOOKUP(input_wld_srm_vm_size,table_srm_cpu,2,FALSE),0)," CPUs :",IF(AND(sizing_w17_chosen="Included",sizing_w17_spr_chosen="Include"),VLOOKUP(input_wld_srm_vm_size,table_srm_ram,2,FALSE),0)," GB : ",IF(AND(sizing_w17_chosen="Included",sizing_w17_spr_chosen="Include"),VLOOKUP(input_wld_srm_vm_size,table_srm_disk,2,FALSE),0)," GB")) -> 0 CPUs :0 GB : 0 GB | U60: Excluded | V60: =CONCATENATE(IF(AND(sizing_w17_chosen="Included",sizing_w17_avi_appliance_size<>"Excluded"),VLOOKUP(sizing_w17_avi_appliance_size,table_avi_lb_cpu,2,FALSE),0), " CPUs : ",IF(AND(sizing_w17_chosen="Included",sizing_w17_avi_appliance_size<>"Excluded"),VLOOKUP(sizing_w17_avi_appliance_size,table_avi_lb_ram,2,FALSE),0), " GB : ",IF(AND(sizing_w17_chosen="Included",sizing_w17_avi_appliance_size<>"Excluded"),VLOOKUP(sizing_w17_avi_appliance_size,table_avi_lb_disk,2,FALSE),0)," GB") -> 0 CPUs : 0 GB : 0 GB | X60: Excluded | Y60: =CONCATENATE( IF(AND(sizing_w17_ssp_chosen<>"Excluded",sizing_w17_ssp_chosen<>"Deployed in WLD"),VLOOKUP(sizing_w17_nsxt_appliance_size,table_ssp_cpu,2,FALSE),0)," CPUs : ", IF(AND(sizing_w17_ssp_chosen<>"Excluded",sizing_w17_ssp_chosen<>"Deployed in WLD"),VLOOKUP(sizing_w17_nsxt_appliance_size,table_ssp_ram,2,FALSE),0), " GB : ", IF(AND(sizing_w17_ssp_chosen<>"Excluded",sizing_w17_ssp_chosen<>"Deployed in WLD"),VLOOKUP(sizing_w17_nsxt_appliance_size,table_ssp_disk,2,FALSE),0)," GB") -> 0 CPUs : 0 GB : 0 GB | Z60: =IF(sizing_w17_chosen="Included",CONCATENATE("vCenter:",VLOOKUP(sizing_w17_vcenter_appliance_size,vcenter_sizing_limits,2,FALSE)," | NSX LM ",VLOOKUP(sizing_w17_nsxt_appliance_size,nsx_sizing_limits,2,FALSE)),"")
B61: w18 | C61: Excluded | D61: Medium | E61: =CONCATENATE(IF(sizing_w18_chosen="Included",VLOOKUP(sizing_w18_vcenter_appliance_size,table_vcenter_appliance_cpu,2,FALSE),0)," CPUs ",": ",IF(sizing_w18_chosen="Included",VLOOKUP(sizing_w18_vcenter_appliance_size,table_vcenter_appliance_ram,2,FALSE),0)," GB") -> 0 CPUs : 0 GB | F61: Default | G61: =CONCATENATE(IF(sizing_w18_chosen="Included",VLOOKUP(CONCATENATE(sizing_w18_vcenter_appliance_size,sizing_w18_vcenter_storage_size),table_vcenter_disk_gb,2,FALSE),0)," GB") -> 0 GB | H61: Dedicated - HA Cluster | I61: Large | J61: =CONCATENATE(IF(AND(sizing_w18_chosen="Included",sizing_w18_nsxt_model<>"Shared"),VLOOKUP(sizing_w18_nsxt_appliance_size,table_nsxt_manager_cpu,2,FALSE),0)," CPUs : ",IF(AND(sizing_w18_chosen="Included",sizing_w18_nsxt_model<>"Shared"),VLOOKUP(sizing_w18_nsxt_appliance_size,table_nsxt_manager_ram,2,FALSE),0), " GB : ",IF(AND(sizing_w18_chosen="Included",sizing_w18_nsxt_model<>"Shared"),VLOOKUP(sizing_w18_nsxt_appliance_size,table_nsxt_manager_disk_gb,2,FALSE),0)," GB") -> 0 CPUs : 0 GB : 0 GB | L61: Excluded | M61: Large | N61: =CONCATENATE(IF(AND(sizing_w18_gm_chosen<>"Excluded",sizing_w18_gm_chosen<>"Connect Instance"),VLOOKUP(sizing_w18_nsxt_gm_appliance_size,table_nsxt_manager_cpu,2,FALSE),0)," CPUs : ",IF(AND(sizing_w18_gm_chosen<>"Excluded",sizing_w18_gm_chosen<>"Connect Instance"),VLOOKUP(sizing_w18_nsxt_gm_appliance_size,table_nsxt_manager_ram,2,FALSE),0)," GB : ",IF(AND(sizing_w18_gm_chosen<>"Excluded",sizing_w18_gm_chosen<>"Connect Instance"),VLOOKUP(sizing_w18_nsxt_gm_appliance_size,table_nsxt_manager_disk_gb,2,FALSE),0)," GB") -> 0 CPUs : 0 GB : 0 GB | R61: Exclude | S61: =(CONCATENATE(IF(AND(sizing_w18_chosen="Included",sizing_w18_spr_chosen="Include"),VLOOKUP(input_wld_srm_vm_size,table_srm_cpu,2,FALSE),0)," CPUs :",IF(AND(sizing_w18_chosen="Included",sizing_w18_spr_chosen="Include"),VLOOKUP(input_wld_srm_vm_size,table_srm_ram,2,FALSE),0)," GB : ",IF(AND(sizing_w18_chosen="Included",sizing_w18_spr_chosen="Include"),VLOOKUP(input_wld_srm_vm_size,table_srm_disk,2,FALSE),0)," GB")) -> 0 CPUs :0 GB : 0 GB | U61: Excluded | V61: =CONCATENATE(IF(AND(sizing_w18_chosen="Included",sizing_w18_avi_appliance_size<>"Excluded"),VLOOKUP(sizing_w18_avi_appliance_size,table_avi_lb_cpu,2,FALSE),0), " CPUs : ",IF(AND(sizing_w18_chosen="Included",sizing_w18_avi_appliance_size<>"Excluded"),VLOOKUP(sizing_w18_avi_appliance_size,table_avi_lb_ram,2,FALSE),0), " GB : ",IF(AND(sizing_w18_chosen="Included",sizing_w18_avi_appliance_size<>"Excluded"),VLOOKUP(sizing_w18_avi_appliance_size,table_avi_lb_disk,2,FALSE),0)," GB") -> 0 CPUs : 0 GB : 0 GB | X61: Excluded | Y61: =CONCATENATE( IF(AND(sizing_w18_ssp_chosen<>"Excluded",sizing_w18_ssp_chosen<>"Deployed in WLD"),VLOOKUP(sizing_w18_nsxt_appliance_size,table_ssp_cpu,2,FALSE),0)," CPUs : ", IF(AND(sizing_w18_ssp_chosen<>"Excluded",sizing_w18_ssp_chosen<>"Deployed in WLD"),VLOOKUP(sizing_w18_nsxt_appliance_size,table_ssp_ram,2,FALSE),0), " GB : ", IF(AND(sizing_w18_ssp_chosen<>"Excluded",sizing_w18_ssp_chosen<>"Deployed in WLD"),VLOOKUP(sizing_w18_nsxt_appliance_size,table_ssp_disk,2,FALSE),0)," GB") -> 0 CPUs : 0 GB : 0 GB | Z61: =IF(sizing_w18_chosen="Included",CONCATENATE("vCenter:",VLOOKUP(sizing_w18_vcenter_appliance_size,vcenter_sizing_limits,2,FALSE)," | NSX LM ",VLOOKUP(sizing_w18_nsxt_appliance_size,nsx_sizing_limits,2,FALSE)),"")
B62: w19 | C62: Excluded | D62: Medium | E62: =CONCATENATE(IF(sizing_w19_chosen="Included",VLOOKUP(sizing_w19_vcenter_appliance_size,table_vcenter_appliance_cpu,2,FALSE),0)," CPUs ",": ",IF(sizing_w19_chosen="Included",VLOOKUP(sizing_w19_vcenter_appliance_size,table_vcenter_appliance_ram,2,FALSE),0)," GB") -> 0 CPUs : 0 GB | F62: Default | G62: =CONCATENATE(IF(sizing_w19_chosen="Included",VLOOKUP(CONCATENATE(sizing_w19_vcenter_appliance_size,sizing_w19_vcenter_storage_size),table_vcenter_disk_gb,2,FALSE),0)," GB") -> 0 GB | H62: Dedicated - HA Cluster | I62: Large | J62: =CONCATENATE(IF(AND(sizing_w19_chosen="Included",sizing_w19_nsxt_model<>"Shared"),VLOOKUP(sizing_w19_nsxt_appliance_size,table_nsxt_manager_cpu,2,FALSE),0)," CPUs : ",IF(AND(sizing_w19_chosen="Included",sizing_w19_nsxt_model<>"Shared"),VLOOKUP(sizing_w19_nsxt_appliance_size,table_nsxt_manager_ram,2,FALSE),0), " GB : ",IF(AND(sizing_w19_chosen="Included",sizing_w19_nsxt_model<>"Shared"),VLOOKUP(sizing_w19_nsxt_appliance_size,table_nsxt_manager_disk_gb,2,FALSE),0)," GB") -> 0 CPUs : 0 GB : 0 GB | L62: Excluded | M62: Large | N62: =CONCATENATE(IF(AND(sizing_w19_gm_chosen<>"Excluded",sizing_w19_gm_chosen<>"Connect Instance"),VLOOKUP(sizing_w19_nsxt_gm_appliance_size,table_nsxt_manager_cpu,2,FALSE),0)," CPUs : ",IF(AND(sizing_w19_gm_chosen<>"Excluded",sizing_w19_gm_chosen<>"Connect Instance"),VLOOKUP(sizing_w19_nsxt_gm_appliance_size,table_nsxt_manager_ram,2,FALSE),0)," GB : ",IF(AND(sizing_w19_gm_chosen<>"Excluded",sizing_w19_gm_chosen<>"Connect Instance"),VLOOKUP(sizing_w19_nsxt_gm_appliance_size,table_nsxt_manager_disk_gb,2,FALSE),0)," GB") -> 0 CPUs : 0 GB : 0 GB | R62: Exclude | S62: =(CONCATENATE(IF(AND(sizing_w19_chosen="Included",sizing_w19_spr_chosen="Include"),VLOOKUP(input_wld_srm_vm_size,table_srm_cpu,2,FALSE),0)," CPUs :",IF(AND(sizing_w19_chosen="Included",sizing_w19_spr_chosen="Include"),VLOOKUP(input_wld_srm_vm_size,table_srm_ram,2,FALSE),0)," GB : ",IF(AND(sizing_w19_chosen="Included",sizing_w19_spr_chosen="Include"),VLOOKUP(input_wld_srm_vm_size,table_srm_disk,2,FALSE),0)," GB")) -> 0 CPUs :0 GB : 0 GB | U62: Excluded | V62: =CONCATENATE(IF(AND(sizing_w19_chosen="Included",sizing_w19_avi_appliance_size<>"Excluded"),VLOOKUP(sizing_w19_avi_appliance_size,table_avi_lb_cpu,2,FALSE),0), " CPUs : ",IF(AND(sizing_w19_chosen="Included",sizing_w19_avi_appliance_size<>"Excluded"),VLOOKUP(sizing_w19_avi_appliance_size,table_avi_lb_ram,2,FALSE),0), " GB : ",IF(AND(sizing_w19_chosen="Included",sizing_w19_avi_appliance_size<>"Excluded"),VLOOKUP(sizing_w19_avi_appliance_size,table_avi_lb_disk,2,FALSE),0)," GB") -> 0 CPUs : 0 GB : 0 GB | X62: Excluded | Y62: =CONCATENATE( IF(AND(sizing_w19_ssp_chosen<>"Excluded",sizing_w19_ssp_chosen<>"Deployed in WLD"),VLOOKUP(sizing_w19_nsxt_appliance_size,table_ssp_cpu,2,FALSE),0)," CPUs : ", IF(AND(sizing_w19_ssp_chosen<>"Excluded",sizing_w19_ssp_chosen<>"Deployed in WLD"),VLOOKUP(sizing_w19_nsxt_appliance_size,table_ssp_ram,2,FALSE),0), " GB : ", IF(AND(sizing_w19_ssp_chosen<>"Excluded",sizing_w19_ssp_chosen<>"Deployed in WLD"),VLOOKUP(sizing_w19_nsxt_appliance_size,table_ssp_disk,2,FALSE),0)," GB") -> 0 CPUs : 0 GB : 0 GB | Z62: =IF(sizing_w19_chosen="Included",CONCATENATE("vCenter:",VLOOKUP(sizing_w19_vcenter_appliance_size,vcenter_sizing_limits,2,FALSE)," | NSX LM ",VLOOKUP(sizing_w19_nsxt_appliance_size,nsx_sizing_limits,2,FALSE)),"")
B63: w20 | C63: Excluded | D63: Medium | E63: =CONCATENATE(IF(sizing_w20_chosen="Included",VLOOKUP(sizing_w20_vcenter_appliance_size,table_vcenter_appliance_cpu,2,FALSE),0)," CPUs ",": ",IF(sizing_w20_chosen="Included",VLOOKUP(sizing_w20_vcenter_appliance_size,table_vcenter_appliance_ram,2,FALSE),0)," GB") -> 0 CPUs : 0 GB | F63: Default | G63: =CONCATENATE(IF(sizing_w20_chosen="Included",VLOOKUP(CONCATENATE(sizing_w20_vcenter_appliance_size,sizing_w20_vcenter_storage_size),table_vcenter_disk_gb,2,FALSE),0)," GB") -> 0 GB | H63: Dedicated - HA Cluster | I63: Large | J63: =CONCATENATE(IF(AND(sizing_w20_chosen="Included",sizing_w20_nsxt_model<>"Shared"),VLOOKUP(sizing_w20_nsxt_appliance_size,table_nsxt_manager_cpu,2,FALSE),0)," CPUs : ",IF(AND(sizing_w20_chosen="Included",sizing_w20_nsxt_model<>"Shared"),VLOOKUP(sizing_w20_nsxt_appliance_size,table_nsxt_manager_ram,2,FALSE),0), " GB : ",IF(AND(sizing_w20_chosen="Included",sizing_w20_nsxt_model<>"Shared"),VLOOKUP(sizing_w20_nsxt_appliance_size,table_nsxt_manager_disk_gb,2,FALSE),0)," GB") -> 0 CPUs : 0 GB : 0 GB | L63: Excluded | M63: Large | N63: =CONCATENATE(IF(AND(sizing_w20_gm_chosen<>"Excluded",sizing_w20_gm_chosen<>"Connect Instance"),VLOOKUP(sizing_w20_nsxt_gm_appliance_size,table_nsxt_manager_cpu,2,FALSE),0)," CPUs : ",IF(AND(sizing_w20_gm_chosen<>"Excluded",sizing_w20_gm_chosen<>"Connect Instance"),VLOOKUP(sizing_w20_nsxt_gm_appliance_size,table_nsxt_manager_ram,2,FALSE),0)," GB : ",IF(AND(sizing_w20_gm_chosen<>"Excluded",sizing_w20_gm_chosen<>"Connect Instance"),VLOOKUP(sizing_w20_nsxt_gm_appliance_size,table_nsxt_manager_disk_gb,2,FALSE),0)," GB") -> 0 CPUs : 0 GB : 0 GB | R63: Exclude | S63: =(CONCATENATE(IF(AND(sizing_w20_chosen="Included",sizing_w20_spr_chosen="Include"),VLOOKUP(input_wld_srm_vm_size,table_srm_cpu,2,FALSE),0)," CPUs :",IF(AND(sizing_w20_chosen="Included",sizing_w20_spr_chosen="Include"),VLOOKUP(input_wld_srm_vm_size,table_srm_ram,2,FALSE),0)," GB : ",IF(AND(sizing_w20_chosen="Included",sizing_w20_spr_chosen="Include"),VLOOKUP(input_wld_srm_vm_size,table_srm_disk,2,FALSE),0)," GB")) -> 0 CPUs :0 GB : 0 GB | U63: Excluded | V63: =CONCATENATE(IF(AND(sizing_w20_chosen="Included",sizing_w20_avi_appliance_size<>"Excluded"),VLOOKUP(sizing_w20_avi_appliance_size,table_avi_lb_cpu,2,FALSE),0), " CPUs : ",IF(AND(sizing_w20_chosen="Included",sizing_w20_avi_appliance_size<>"Excluded"),VLOOKUP(sizing_w20_avi_appliance_size,table_avi_lb_ram,2,FALSE),0), " GB : ",IF(AND(sizing_w20_chosen="Included",sizing_w20_avi_appliance_size<>"Excluded"),VLOOKUP(sizing_w20_avi_appliance_size,table_avi_lb_disk,2,FALSE),0)," GB") -> 0 CPUs : 0 GB : 0 GB | X63: Excluded | Y63: =CONCATENATE( IF(AND(sizing_w20_ssp_chosen<>"Excluded",sizing_w20_ssp_chosen<>"Deployed in WLD"),VLOOKUP(sizing_w20_nsxt_appliance_size,table_ssp_cpu,2,FALSE),0)," CPUs : ", IF(AND(sizing_w20_ssp_chosen<>"Excluded",sizing_w20_ssp_chosen<>"Deployed in WLD"),VLOOKUP(sizing_w20_nsxt_appliance_size,table_ssp_ram,2,FALSE),0), " GB : ", IF(AND(sizing_w20_ssp_chosen<>"Excluded",sizing_w20_ssp_chosen<>"Deployed in WLD"),VLOOKUP(sizing_w20_nsxt_appliance_size,table_ssp_disk,2,FALSE),0)," GB") -> 0 CPUs : 0 GB : 0 GB | Z63: =IF(sizing_w20_chosen="Included",CONCATENATE("vCenter:",VLOOKUP(sizing_w20_vcenter_appliance_size,vcenter_sizing_limits,2,FALSE)," | NSX LM ",VLOOKUP(sizing_w20_nsxt_appliance_size,nsx_sizing_limits,2,FALSE)),"")
B64: w21 | C64: Excluded | D64: Medium | E64: =CONCATENATE(IF(sizing_w21_chosen="Included",VLOOKUP(sizing_w21_vcenter_appliance_size,table_vcenter_appliance_cpu,2,FALSE),0)," CPUs ",": ",IF(sizing_w21_chosen="Included",VLOOKUP(sizing_w21_vcenter_appliance_size,table_vcenter_appliance_ram,2,FALSE),0)," GB") -> 0 CPUs : 0 GB | F64: Default | G64: =CONCATENATE(IF(sizing_w21_chosen="Included",VLOOKUP(CONCATENATE(sizing_w21_vcenter_appliance_size,sizing_w21_vcenter_storage_size),table_vcenter_disk_gb,2,FALSE),0)," GB") -> 0 GB | H64: Dedicated - HA Cluster | I64: Large | J64: =CONCATENATE(IF(AND(sizing_w21_chosen="Included",sizing_w21_nsxt_model<>"Shared"),VLOOKUP(sizing_w21_nsxt_appliance_size,table_nsxt_manager_cpu,2,FALSE),0)," CPUs : ",IF(AND(sizing_w21_chosen="Included",sizing_w21_nsxt_model<>"Shared"),VLOOKUP(sizing_w21_nsxt_appliance_size,table_nsxt_manager_ram,2,FALSE),0), " GB : ",IF(AND(sizing_w21_chosen="Included",sizing_w21_nsxt_model<>"Shared"),VLOOKUP(sizing_w21_nsxt_appliance_size,table_nsxt_manager_disk_gb,2,FALSE),0)," GB") -> 0 CPUs : 0 GB : 0 GB | L64: Excluded | M64: Large | N64: =CONCATENATE(IF(AND(sizing_w21_gm_chosen<>"Excluded",sizing_w21_gm_chosen<>"Connect Instance"),VLOOKUP(sizing_w21_nsxt_gm_appliance_size,table_nsxt_manager_cpu,2,FALSE),0)," CPUs : ",IF(AND(sizing_w21_gm_chosen<>"Excluded",sizing_w21_gm_chosen<>"Connect Instance"),VLOOKUP(sizing_w21_nsxt_gm_appliance_size,table_nsxt_manager_ram,2,FALSE),0)," GB : ",IF(AND(sizing_w21_gm_chosen<>"Excluded",sizing_w21_gm_chosen<>"Connect Instance"),VLOOKUP(sizing_w21_nsxt_gm_appliance_size,table_nsxt_manager_disk_gb,2,FALSE),0)," GB") -> 0 CPUs : 0 GB : 0 GB | R64: Exclude | S64: =(CONCATENATE(IF(AND(sizing_w21_chosen="Included",sizing_w21_spr_chosen="Include"),VLOOKUP(input_wld_srm_vm_size,table_srm_cpu,2,FALSE),0)," CPUs :",IF(AND(sizing_w21_chosen="Included",sizing_w21_spr_chosen="Include"),VLOOKUP(input_wld_srm_vm_size,table_srm_ram,2,FALSE),0)," GB : ",IF(AND(sizing_w21_chosen="Included",sizing_w21_spr_chosen="Include"),VLOOKUP(input_wld_srm_vm_size,table_srm_disk,2,FALSE),0)," GB")) -> 0 CPUs :0 GB : 0 GB | U64: Excluded | V64: =CONCATENATE(IF(AND(sizing_w21_chosen="Included",sizing_w21_avi_appliance_size<>"Excluded"),VLOOKUP(sizing_w21_avi_appliance_size,table_avi_lb_cpu,2,FALSE),0), " CPUs : ",IF(AND(sizing_w21_chosen="Included",sizing_w21_avi_appliance_size<>"Excluded"),VLOOKUP(sizing_w21_avi_appliance_size,table_avi_lb_ram,2,FALSE),0), " GB : ",IF(AND(sizing_w21_chosen="Included",sizing_w21_avi_appliance_size<>"Excluded"),VLOOKUP(sizing_w21_avi_appliance_size,table_avi_lb_disk,2,FALSE),0)," GB") -> 0 CPUs : 0 GB : 0 GB | X64: Excluded | Y64: =CONCATENATE( IF(AND(sizing_w21_ssp_chosen<>"Excluded",sizing_w21_ssp_chosen<>"Deployed in WLD"),VLOOKUP(sizing_w21_nsxt_appliance_size,table_ssp_cpu,2,FALSE),0)," CPUs : ", IF(AND(sizing_w21_ssp_chosen<>"Excluded",sizing_w21_ssp_chosen<>"Deployed in WLD"),VLOOKUP(sizing_w21_nsxt_appliance_size,table_ssp_ram,2,FALSE),0), " GB : ", IF(AND(sizing_w21_ssp_chosen<>"Excluded",sizing_w21_ssp_chosen<>"Deployed in WLD"),VLOOKUP(sizing_w21_nsxt_appliance_size,table_ssp_disk,2,FALSE),0)," GB") -> 0 CPUs : 0 GB : 0 GB | Z64: =IF(sizing_w21_chosen="Included",CONCATENATE("vCenter:",VLOOKUP(sizing_w21_vcenter_appliance_size,vcenter_sizing_limits,2,FALSE)," | NSX LM ",VLOOKUP(sizing_w21_nsxt_appliance_size,nsx_sizing_limits,2,FALSE)),"")
B65: w22 | C65: Excluded | D65: Medium | E65: =CONCATENATE(IF(sizing_w22_chosen="Included",VLOOKUP(sizing_w22_vcenter_appliance_size,table_vcenter_appliance_cpu,2,FALSE),0)," CPUs ",": ",IF(sizing_w22_chosen="Included",VLOOKUP(sizing_w22_vcenter_appliance_size,table_vcenter_appliance_ram,2,FALSE),0)," GB") -> 0 CPUs : 0 GB | F65: Default | G65: =CONCATENATE(IF(sizing_w22_chosen="Included",VLOOKUP(CONCATENATE(sizing_w22_vcenter_appliance_size,sizing_w22_vcenter_storage_size),table_vcenter_disk_gb,2,FALSE),0)," GB") -> 0 GB | H65: Dedicated - HA Cluster | I65: Large | J65: =CONCATENATE(IF(AND(sizing_w22_chosen="Included",sizing_w22_nsxt_model<>"Shared"),VLOOKUP(sizing_w22_nsxt_appliance_size,table_nsxt_manager_cpu,2,FALSE),0)," CPUs : ",IF(AND(sizing_w22_chosen="Included",sizing_w22_nsxt_model<>"Shared"),VLOOKUP(sizing_w22_nsxt_appliance_size,table_nsxt_manager_ram,2,FALSE),0), " GB : ",IF(AND(sizing_w22_chosen="Included",sizing_w22_nsxt_model<>"Shared"),VLOOKUP(sizing_w22_nsxt_appliance_size,table_nsxt_manager_disk_gb,2,FALSE),0)," GB") -> 0 CPUs : 0 GB : 0 GB | L65: Excluded | M65: Large | N65: =CONCATENATE(IF(AND(sizing_w22_gm_chosen<>"Excluded",sizing_w22_gm_chosen<>"Connect Instance"),VLOOKUP(sizing_w22_nsxt_gm_appliance_size,table_nsxt_manager_cpu,2,FALSE),0)," CPUs : ",IF(AND(sizing_w22_gm_chosen<>"Excluded",sizing_w22_gm_chosen<>"Connect Instance"),VLOOKUP(sizing_w22_nsxt_gm_appliance_size,table_nsxt_manager_ram,2,FALSE),0)," GB : ",IF(AND(sizing_w22_gm_chosen<>"Excluded",sizing_w22_gm_chosen<>"Connect Instance"),VLOOKUP(sizing_w22_nsxt_gm_appliance_size,table_nsxt_manager_disk_gb,2,FALSE),0)," GB") -> 0 CPUs : 0 GB : 0 GB | R65: Exclude | S65: =(CONCATENATE(IF(AND(sizing_w22_chosen="Included",sizing_w22_spr_chosen="Include"),VLOOKUP(input_wld_srm_vm_size,table_srm_cpu,2,FALSE),0)," CPUs :",IF(AND(sizing_w22_chosen="Included",sizing_w22_spr_chosen="Include"),VLOOKUP(input_wld_srm_vm_size,table_srm_ram,2,FALSE),0)," GB : ",IF(AND(sizing_w22_chosen="Included",sizing_w22_spr_chosen="Include"),VLOOKUP(input_wld_srm_vm_size,table_srm_disk,2,FALSE),0)," GB")) -> 0 CPUs :0 GB : 0 GB | U65: Excluded | V65: =CONCATENATE(IF(AND(sizing_w22_chosen="Included",sizing_w22_avi_appliance_size<>"Excluded"),VLOOKUP(sizing_w22_avi_appliance_size,table_avi_lb_cpu,2,FALSE),0), " CPUs : ",IF(AND(sizing_w22_chosen="Included",sizing_w22_avi_appliance_size<>"Excluded"),VLOOKUP(sizing_w22_avi_appliance_size,table_avi_lb_ram,2,FALSE),0), " GB : ",IF(AND(sizing_w22_chosen="Included",sizing_w22_avi_appliance_size<>"Excluded"),VLOOKUP(sizing_w22_avi_appliance_size,table_avi_lb_disk,2,FALSE),0)," GB") -> 0 CPUs : 0 GB : 0 GB | X65: Excluded | Y65: =CONCATENATE( IF(AND(sizing_w22_ssp_chosen<>"Excluded",sizing_w22_ssp_chosen<>"Deployed in WLD"),VLOOKUP(sizing_w22_nsxt_appliance_size,table_ssp_cpu,2,FALSE),0)," CPUs : ", IF(AND(sizing_w22_ssp_chosen<>"Excluded",sizing_w22_ssp_chosen<>"Deployed in WLD"),VLOOKUP(sizing_w22_nsxt_appliance_size,table_ssp_ram,2,FALSE),0), " GB : ", IF(AND(sizing_w22_ssp_chosen<>"Excluded",sizing_w22_ssp_chosen<>"Deployed in WLD"),VLOOKUP(sizing_w22_nsxt_appliance_size,table_ssp_disk,2,FALSE),0)," GB") -> 0 CPUs : 0 GB : 0 GB | Z65: =IF(sizing_w22_chosen="Included",CONCATENATE("vCenter:",VLOOKUP(sizing_w22_vcenter_appliance_size,vcenter_sizing_limits,2,FALSE)," | NSX LM ",VLOOKUP(sizing_w22_nsxt_appliance_size,nsx_sizing_limits,2,FALSE)),"")
B66: w23 | C66: Excluded | D66: Medium | E66: =CONCATENATE(IF(sizing_w23_chosen="Included",VLOOKUP(sizing_w23_vcenter_appliance_size,table_vcenter_appliance_cpu,2,FALSE),0)," CPUs ",": ",IF(sizing_w23_chosen="Included",VLOOKUP(sizing_w23_vcenter_appliance_size,table_vcenter_appliance_ram,2,FALSE),0)," GB") -> 0 CPUs : 0 GB | F66: Default | G66: =CONCATENATE(IF(sizing_w23_chosen="Included",VLOOKUP(CONCATENATE(sizing_w23_vcenter_appliance_size,sizing_w23_vcenter_storage_size),table_vcenter_disk_gb,2,FALSE),0)," GB") -> 0 GB | H66: Dedicated - HA Cluster | I66: Large | J66: =CONCATENATE(IF(AND(sizing_w23_chosen="Included",sizing_w23_nsxt_model<>"Shared"),VLOOKUP(sizing_w23_nsxt_appliance_size,table_nsxt_manager_cpu,2,FALSE),0)," CPUs : ",IF(AND(sizing_w23_chosen="Included",sizing_w23_nsxt_model<>"Shared"),VLOOKUP(sizing_w23_nsxt_appliance_size,table_nsxt_manager_ram,2,FALSE),0), " GB : ",IF(AND(sizing_w23_chosen="Included",sizing_w23_nsxt_model<>"Shared"),VLOOKUP(sizing_w23_nsxt_appliance_size,table_nsxt_manager_disk_gb,2,FALSE),0)," GB") -> 0 CPUs : 0 GB : 0 GB | L66: Excluded | M66: Large | N66: =CONCATENATE(IF(AND(sizing_w23_gm_chosen<>"Excluded",sizing_w23_gm_chosen<>"Connect Instance"),VLOOKUP(sizing_w23_nsxt_gm_appliance_size,table_nsxt_manager_cpu,2,FALSE),0)," CPUs : ",IF(AND(sizing_w23_gm_chosen<>"Excluded",sizing_w23_gm_chosen<>"Connect Instance"),VLOOKUP(sizing_w23_nsxt_gm_appliance_size,table_nsxt_manager_ram,2,FALSE),0)," GB : ",IF(AND(sizing_w23_gm_chosen<>"Excluded",sizing_w23_gm_chosen<>"Connect Instance"),VLOOKUP(sizing_w23_nsxt_gm_appliance_size,table_nsxt_manager_disk_gb,2,FALSE),0)," GB") -> 0 CPUs : 0 GB : 0 GB | R66: Exclude | S66: =(CONCATENATE(IF(AND(sizing_w23_chosen="Included",sizing_w23_spr_chosen="Include"),VLOOKUP(input_wld_srm_vm_size,table_srm_cpu,2,FALSE),0)," CPUs :",IF(AND(sizing_w23_chosen="Included",sizing_w23_spr_chosen="Include"),VLOOKUP(input_wld_srm_vm_size,table_srm_ram,2,FALSE),0)," GB : ",IF(AND(sizing_w23_chosen="Included",sizing_w23_spr_chosen="Include"),VLOOKUP(input_wld_srm_vm_size,table_srm_disk,2,FALSE),0)," GB")) -> 0 CPUs :0 GB : 0 GB | U66: Excluded | V66: =CONCATENATE(IF(AND(sizing_w23_chosen="Included",sizing_w23_avi_appliance_size<>"Excluded"),VLOOKUP(sizing_w23_avi_appliance_size,table_avi_lb_cpu,2,FALSE),0), " CPUs : ",IF(AND(sizing_w23_chosen="Included",sizing_w23_avi_appliance_size<>"Excluded"),VLOOKUP(sizing_w23_avi_appliance_size,table_avi_lb_ram,2,FALSE),0), " GB : ",IF(AND(sizing_w23_chosen="Included",sizing_w23_avi_appliance_size<>"Excluded"),VLOOKUP(sizing_w23_avi_appliance_size,table_avi_lb_disk,2,FALSE),0)," GB") -> 0 CPUs : 0 GB : 0 GB | X66: Excluded | Y66: =CONCATENATE( IF(AND(sizing_w23_ssp_chosen<>"Excluded",sizing_w23_ssp_chosen<>"Deployed in WLD"),VLOOKUP(sizing_w23_nsxt_appliance_size,table_ssp_cpu,2,FALSE),0)," CPUs : ", IF(AND(sizing_w23_ssp_chosen<>"Excluded",sizing_w23_ssp_chosen<>"Deployed in WLD"),VLOOKUP(sizing_w23_nsxt_appliance_size,table_ssp_ram,2,FALSE),0), " GB : ", IF(AND(sizing_w23_ssp_chosen<>"Excluded",sizing_w23_ssp_chosen<>"Deployed in WLD"),VLOOKUP(sizing_w23_nsxt_appliance_size,table_ssp_disk,2,FALSE),0)," GB") -> 0 CPUs : 0 GB : 0 GB | Z66: =IF(sizing_w23_chosen="Included",CONCATENATE("vCenter:",VLOOKUP(sizing_w23_vcenter_appliance_size,vcenter_sizing_limits,2,FALSE)," | NSX LM ",VLOOKUP(sizing_w23_nsxt_appliance_size,nsx_sizing_limits,2,FALSE)),"")
B67: w24 | C67: Excluded | D67: Medium | E67: =CONCATENATE(IF(sizing_w24_chosen="Included",VLOOKUP(sizing_w24_vcenter_appliance_size,table_vcenter_appliance_cpu,2,FALSE),0)," CPUs ",": ",IF(sizing_w24_chosen="Included",VLOOKUP(sizing_w24_vcenter_appliance_size,table_vcenter_appliance_ram,2,FALSE),0)," GB") -> 0 CPUs : 0 GB | F67: Default | G67: =CONCATENATE(IF(sizing_w24_chosen="Included",VLOOKUP(CONCATENATE(sizing_w24_vcenter_appliance_size,sizing_w24_vcenter_storage_size),table_vcenter_disk_gb,2,FALSE),0)," GB") -> 0 GB | H67: Dedicated - HA Cluster | I67: Medium | J67: =CONCATENATE(IF(AND(sizing_w24_chosen="Included",sizing_w24_nsxt_model<>"Shared"),VLOOKUP(sizing_w24_nsxt_appliance_size,table_nsxt_manager_cpu,2,FALSE),0)," CPUs : ",IF(AND(sizing_w24_chosen="Included",sizing_w24_nsxt_model<>"Shared"),VLOOKUP(sizing_w24_nsxt_appliance_size,table_nsxt_manager_ram,2,FALSE),0), " GB : ",IF(AND(sizing_w24_chosen="Included",sizing_w24_nsxt_model<>"Shared"),VLOOKUP(sizing_w24_nsxt_appliance_size,table_nsxt_manager_disk_gb,2,FALSE),0)," GB") -> 0 CPUs : 0 GB : 0 GB | L67: Excluded | M67: Large | N67: =CONCATENATE(IF(AND(sizing_w24_gm_chosen<>"Excluded",sizing_w24_gm_chosen<>"Connect Instance"),VLOOKUP(sizing_w24_nsxt_gm_appliance_size,table_nsxt_manager_cpu,2,FALSE),0)," CPUs : ",IF(AND(sizing_w24_gm_chosen<>"Excluded",sizing_w24_gm_chosen<>"Connect Instance"),VLOOKUP(sizing_w24_nsxt_gm_appliance_size,table_nsxt_manager_ram,2,FALSE),0)," GB : ",IF(AND(sizing_w24_gm_chosen<>"Excluded",sizing_w24_gm_chosen<>"Connect Instance"),VLOOKUP(sizing_w24_nsxt_gm_appliance_size,table_nsxt_manager_disk_gb,2,FALSE),0)," GB") -> 0 CPUs : 0 GB : 0 GB | R67: Exclude | S67: =(CONCATENATE(IF(AND(sizing_w24_chosen="Included",sizing_w24_spr_chosen="Include"),VLOOKUP(input_wld_srm_vm_size,table_srm_cpu,2,FALSE),0)," CPUs :",IF(AND(sizing_w24_chosen="Included",sizing_w24_spr_chosen="Include"),VLOOKUP(input_wld_srm_vm_size,table_srm_ram,2,FALSE),0)," GB : ",IF(AND(sizing_w24_chosen="Included",sizing_w24_spr_chosen="Include"),VLOOKUP(input_wld_srm_vm_size,table_srm_disk,2,FALSE),0)," GB")) -> 0 CPUs :0 GB : 0 GB | U67: Excluded | V67: =CONCATENATE(IF(AND(sizing_w24_chosen="Included",sizing_w24_avi_appliance_size<>"Excluded"),VLOOKUP(sizing_w24_avi_appliance_size,table_avi_lb_cpu,2,FALSE),0), " CPUs : ",IF(AND(sizing_w24_chosen="Included",sizing_w24_avi_appliance_size<>"Excluded"),VLOOKUP(sizing_w24_avi_appliance_size,table_avi_lb_ram,2,FALSE),0), " GB : ",IF(AND(sizing_w24_chosen="Included",sizing_w24_avi_appliance_size<>"Excluded"),VLOOKUP(sizing_w24_avi_appliance_size,table_avi_lb_disk,2,FALSE),0)," GB") -> 0 CPUs : 0 GB : 0 GB | X67: Excluded | Y67: =CONCATENATE( IF(AND(sizing_w24_ssp_chosen<>"Excluded",sizing_w24_ssp_chosen<>"Deployed in WLD"),VLOOKUP(sizing_w24_nsxt_appliance_size,table_ssp_cpu,2,FALSE),0)," CPUs : ", IF(AND(sizing_w24_ssp_chosen<>"Excluded",sizing_w24_ssp_chosen<>"Deployed in WLD"),VLOOKUP(sizing_w24_nsxt_appliance_size,table_ssp_ram,2,FALSE),0), " GB : ", IF(AND(sizing_w24_ssp_chosen<>"Excluded",sizing_w24_ssp_chosen<>"Deployed in WLD"),VLOOKUP(sizing_w24_nsxt_appliance_size,table_ssp_disk,2,FALSE),0)," GB") -> 0 CPUs : 0 GB : 0 GB | Z67: =IF(sizing_w24_chosen="Included",CONCATENATE("vCenter:",VLOOKUP(sizing_w24_vcenter_appliance_size,vcenter_sizing_limits,2,FALSE)," | NSX LM ",VLOOKUP(sizing_w24_nsxt_appliance_size,nsx_sizing_limits,2,FALSE)),"")
B68: w25 | C68: Excluded | D68: Medium | E68: =CONCATENATE(IF(sizing_w25_chosen="Included",VLOOKUP(sizing_w25_vcenter_appliance_size,table_vcenter_appliance_cpu,2,FALSE),0)," CPUs ",": ",IF(sizing_w25_chosen="Included",VLOOKUP(sizing_w25_vcenter_appliance_size,table_vcenter_appliance_ram,2,FALSE),0)," GB") -> 0 CPUs : 0 GB | F68: Default | G68: =CONCATENATE(IF(sizing_w25_chosen="Included",VLOOKUP(CONCATENATE(sizing_w25_vcenter_appliance_size,sizing_w25_vcenter_storage_size),table_vcenter_disk_gb,2,FALSE),0)," GB") -> 0 GB | H68: Dedicated - HA Cluster | I68: Medium | J68: =CONCATENATE(IF(AND(sizing_w25_chosen="Included",sizing_w25_nsxt_model<>"Shared"),VLOOKUP(sizing_w25_nsxt_appliance_size,table_nsxt_manager_cpu,2,FALSE),0)," CPUs : ",IF(AND(sizing_w25_chosen="Included",sizing_w25_nsxt_model<>"Shared"),VLOOKUP(sizing_w25_nsxt_appliance_size,table_nsxt_manager_ram,2,FALSE),0), " GB : ",IF(AND(sizing_w25_chosen="Included",sizing_w25_nsxt_model<>"Shared"),VLOOKUP(sizing_w25_nsxt_appliance_size,table_nsxt_manager_disk_gb,2,FALSE),0)," GB") -> 0 CPUs : 0 GB : 0 GB | L68: Excluded | M68: Large | N68: =CONCATENATE(IF(AND(sizing_w25_gm_chosen<>"Excluded",sizing_w25_gm_chosen<>"Connect Instance"),VLOOKUP(sizing_w25_nsxt_gm_appliance_size,table_nsxt_manager_cpu,2,FALSE),0)," CPUs : ",IF(AND(sizing_w25_gm_chosen<>"Excluded",sizing_w25_gm_chosen<>"Connect Instance"),VLOOKUP(sizing_w25_nsxt_gm_appliance_size,table_nsxt_manager_ram,2,FALSE),0)," GB : ",IF(AND(sizing_w25_gm_chosen<>"Excluded",sizing_w25_gm_chosen<>"Connect Instance"),VLOOKUP(sizing_w25_nsxt_gm_appliance_size,table_nsxt_manager_disk_gb,2,FALSE),0)," GB") -> 0 CPUs : 0 GB : 0 GB | R68: Exclude | S68: =(CONCATENATE(IF(AND(sizing_w25_chosen="Included",sizing_w25_spr_chosen="Include"),VLOOKUP(input_wld_srm_vm_size,table_srm_cpu,2,FALSE),0)," CPUs :",IF(AND(sizing_w25_chosen="Included",sizing_w25_spr_chosen="Include"),VLOOKUP(input_wld_srm_vm_size,table_srm_ram,2,FALSE),0)," GB : ",IF(AND(sizing_w25_chosen="Included",sizing_w25_spr_chosen="Include"),VLOOKUP(input_wld_srm_vm_size,table_srm_disk,2,FALSE),0)," GB")) -> 0 CPUs :0 GB : 0 GB | U68: Excluded | V68: =CONCATENATE(IF(AND(sizing_w25_chosen="Included",sizing_w25_avi_appliance_size<>"Excluded"),VLOOKUP(sizing_w25_avi_appliance_size,table_avi_lb_cpu,2,FALSE),0), " CPUs : ",IF(AND(sizing_w25_chosen="Included",sizing_w25_avi_appliance_size<>"Excluded"),VLOOKUP(sizing_w25_avi_appliance_size,table_avi_lb_ram,2,FALSE),0), " GB : ",IF(AND(sizing_w25_chosen="Included",sizing_w25_avi_appliance_size<>"Excluded"),VLOOKUP(sizing_w25_avi_appliance_size,table_avi_lb_disk,2,FALSE),0)," GB") -> 0 CPUs : 0 GB : 0 GB | X68: Excluded | Y68: =CONCATENATE( IF(AND(sizing_w25_ssp_chosen<>"Excluded",sizing_w25_ssp_chosen<>"Deployed in WLD"),VLOOKUP(sizing_w25_nsxt_appliance_size,table_ssp_cpu,2,FALSE),0)," CPUs : ", IF(AND(sizing_w25_ssp_chosen<>"Excluded",sizing_w25_ssp_chosen<>"Deployed in WLD"),VLOOKUP(sizing_w25_nsxt_appliance_size,table_ssp_ram,2,FALSE),0), " GB : ", IF(AND(sizing_w25_ssp_chosen<>"Excluded",sizing_w25_ssp_chosen<>"Deployed in WLD"),VLOOKUP(sizing_w25_nsxt_appliance_size,table_ssp_disk,2,FALSE),0)," GB") -> 0 CPUs : 0 GB : 0 GB | Z68: =IF(sizing_w25_chosen="Included",CONCATENATE("vCenter:",VLOOKUP(sizing_w25_vcenter_appliance_size,vcenter_sizing_limits,2,FALSE)," | NSX LM ",VLOOKUP(sizing_w25_nsxt_appliance_size,nsx_sizing_limits,2,FALSE)),"")
